"Rank","Name","Symbol","earnings_ttm","price (USD)","country"
"1","Apple","AAPL","120470000000","164.87","United States"
"2","Alphabet (Google)","GOOG","85774000000","118.14","United States"
"3","Microsoft","MSFT","83716000000","280.32","United States"
"4","Samsung","005930.KS","49690100000","46.78","South Korea"
"5","Meta Platforms (Facebook)","META","39890000000","170.25","United States"
"6","Tencent","TCEHY","35779800000","37.81","China"
"7","TSMC","TSM","26333100000","87.94","Taiwan"
"8","Intel","INTC","21315000000","35.38","United States"
"9","QUALCOMM","QCOM","15296000000","147.81","United States"
"10","Cisco","CSCO","15161000000","45.02","United States"
"11","Alibaba","BABA","14232600000","90.84","China"
"12","Amazon","AMZN","13362000000","139.41","United States"
"13","SK Hynix","000660.KS","12801800000","74.09","South Korea"
"14","Broadcom","AVGO","11146000000","545.53","United States"
"15","Micron Technology","MU","11145000000","61.45","United States"
"16","Tesla","TSLA","10919000000","871.27","United States"
"17","Oracle","ORCL","10404000000","76.47","United States"
"18","Texas Instruments","TXN","10140000000","182.8","United States"
"19","NVIDIA","NVDA","9953000000","177.93","United States"
"20","Sony","SONY","9408300000","84.83","Japan"
"21","Applied Materials","AMAT","8004000000","107.83","United States"
"22","HP","HPQ","7709000000","33.45","United States"
"23","Dell","DELL","7446000000","45.45","United States"
"24","SAP","SAP","7266460000","94.33","Germany"
"25","ASML","ASML","7130030000","572.75","Netherlands"
"26","Foxconn (Hon Hai Precision Industry)","2317.TW","6854200000","3.6","Taiwan"
"27","Netflix","NFLX","6557450000","233.49","United States"
"28","Adobe","ADBE","6032000000","434.34","United States"
"29","Nintendo","7974.T","5855800000","427.33","Japan"
"30","Lam Research","LRCX","5193110000","509.54","United States"
"31","Tokyo Electron","8035.T","5184440000","368.02","Japan"
"32","MediaTek","2454.TW","4850860000","23.62","Taiwan"
"33","IBM","IBM","4725000000","132.61","United States"
"34","Schneider Electric","SU.PA","4705550000","134.99","France"
"35","Hewlett Packard Enterprise","HPE","3863000000","14.4","United States"
"36","Xiaomi","XIACF","3848870000","1.5","China"
"37","Automatic Data Processing","ADP","3804100000","248.61","United States"
"38","Murata Manufacturing (Murata Seisakusho)","6981.T","3785880000","57.59","Japan"
"39","Lufax","LU","3716460000","4.25","China"
"40","Keyence","6861.T","3703840000","410.97","Japan"
"41","AMD","AMD","3652000000","100.07","United States"
"42","KLA","KLAC","3489240000","387.68","United States"
"43","Ericsson","ERIC","3360970000","7.55","Sweden"
"44","LG Electronics","LGLG.F","3353390000","18.25","South Korea"
"45","Panasonic","6752.T","3321990000","8.3","Japan"
"46","ASE Group","ASX","3310750000","6.06","Taiwan"
"47","STMicroelectronics","STM","3294000000","38.24","Switzerland"
"48","NXP Semiconductors","NXPI","3287000000","179.96","Netherlands"
"49","Kakao","035720.KS","3130790000","63.09","South Korea"
"50","Intuit","INTU","3100000000","466.76","United States"
"51","TE Connectivity","TEL","2770000000","132.92","Switzerland"
"52","NetEase","NTES","2755950000","89.46","China"
"53","Infineon","IFX.DE","2681670000","28.09","Germany"
"54","Lumen","LUMN","2649000000","10.97","United States"
"55","Lenovo","0992.HK","2638870000","0.91","Hong Kong"
"56","United Microelectronics","UMC","2609740000","6.86","Taiwan"
"57","Pinduoduo","PDD","2596880000","47.67","China"
"58","PayPal","PYPL","2549000000","96.26","United States"
"59","Canon","CAJ","2509120000","24.81","Japan"
"60","SMIC","MKN2.F","2389830000","2.19","China"
"61","Nokia","NOK","2375320000","5.2","Finland"
"62","Renesas Electronics","6723.T","2204690000","9.83","Japan"
"63","Vmware","VMW","2199000000","117.21","United States"
"64","Activision Blizzard","ATVI","2183000000","81","United States"
"65","Fiserv","FISV","2168000000","104.99","United States"
"66","ASUS","2357.TW","2153180000","9.44","Taiwan"
"67","Booking.com","BKNG","2079000000","1955.8","United States"
"68","ON Semiconductor","ON","2030500000","67.34","United States"
"69","Novatek Microelectronics","3034.TW","1877820000","8.54","Taiwan"
"70","Microchip Technology","MCHP","1832100000","70.9","United States"
"71","Analog Devices","ADI","1819700000","175.86","United States"
"72","IQVIA","IQV","1739000000","233.66","United States"
"73","Seagate Technology","STX","1679000000","81.08","Ireland"
"74","Naver","035420.KS","1671420000","198.89","South Korea"
"75","Coinbase","COIN","1501550000","98.02","United States"
"76","Skyworks Solutions","SWKS","1442600000","112.13","United States"
"77","Dassault Systèmes","DSY.PA","1352220000","43.45","France"
"78","Airbnb","ABNB","1320120000","115.82","United States"
"79","Roper Technologies","ROP","1291800000","431.01","United States"
"80","Delta Electronics","2308.TW","1279390000","8.81","Taiwan"
"81","Keysight","KEYS","1257000000","166.22","United States"
"82","NEC Corp","6701.T","1232580000","36.21","Japan"
"83","Electronic Arts","EA","1209000000","131.05","United States"
"84","Arista Networks","ANET","1173710000","124.71","United States"
"85","Nexon","3659.T","1168310000","22.25","Japan"
"86","NetApp","NTAP","1168000000","72.65","United States"
"87","NortonLifeLock","NLOK","1168000000","24.17","United States"
"88","Nanya Technology","2408.TW","1152270000","1.77","Taiwan"
"89","Fidelity National Information Services","FIS","1150000000","98.08","United States"
"90","SS&C Technologies","SSNC","1145400000","60.45","United States"
"91","Bandai Namco","7832.T","1142280000","74.2","Japan"
"92","Leidos","LDOS","1121000000","98.35","United States"
"93","Equinix","EQIX","1105570000","697.02","United States"
"94","Synopsys","SNPS","1082170000","372.07","United States"
"95","360 DigiTech","QFIN","1060470000","13.8","China"
"96","Unimicron","3037.TW","1059270000","5.1","Taiwan"
"97","Wolters Kluwer","WOSB.F","1052100000","106.76","Netherlands"
"98","Zoom","ZM","1016370000","114.74","United States"
"99","CyberAgent","4751.T","997504000","10.72","Japan"
"100","Cadence Design Systems","CDNS","982151000","184.33","United States"
"101","Qorvo","QRVO","962015000","106.43","United States"
"102","Zebra Technologies","ZBRA","913000000","330.32","United States"
"103","Salesforce","CRM","899000000","189.75","United States"
"104","Check Point Software","CHKP","879400000","120.3","Israel"
"105","Align Technology","ALGN","868330000","293.06","United States"
"106","Vipshop","VIPS","861231000","9.95","China"
"107","M3, Inc","2413.T","848416000","34.2","Japan"
"108","Expedia Group","EXPE","838000000","105.38","United States"
"109","Disco Corp.","6146.T","832279000","251.02","Japan"
"110","ASM International","ASM.AS","804183000","304.88","Netherlands"
"111","Akamai","AKAM","778182000","96.38","United States"
"112","OpenText","OTEX","745492000","39.24","Canada"
"113","Rohm","6963.T","729185000","75.97","Japan"
"114","Autodesk","ADSK","711700000","220.69","United States"
"115","Realtek","2379.TW","707455000","11.64","Taiwan"
"116","Constellation Software","CSU.TO","705000000","1667.35","Canada"
"117","Fortinet","FTNT","704700000","53.32","United States"
"118","Logitech","LOGI","693540000","57.66","Switzerland"
"119","Nan Ya PCB","8046.TW","690321000","8.21","Taiwan"
"120","Playtech","PTEC.L","685164000","563.11","Isle of Man"
"121","Krafton","259960.KS","682953000","200.04","South Korea"
"122","Konami Holdings","9766.T","657203000","50.95","Japan"
"123","Oracle Corp Japan","4716.T","648703000","63.02","Japan"
"124","Trimble","TRMB","640200000","68.24","United States"
"125","Weibo","WB","617124000","19.23","China"
"126","Himax","HIMX","604979000","7.03","Taiwan"
"127","Global Payments","GPN","581446000","129.33","United States"
"128","Bukalapak.com","BUKA.JK","577778000","0.02","Indonesia"
"129","Kulicke and Soffa Industries","KLIC","560738000","47.07","Singapore"
"130","ASM Pacific Technology","0522.HK","553209000","8.47","Hong Kong"
"131","Genpact","G","547391000","46.62","Bermuda"
"132","Playtika","PLTK","547100000","12.15","Israel"
"133","Ansys","ANSS","539794000","282.65","United States"
"134","Nikon","NINOY","539643000","11.53","Japan"
"135","Acer","2353.TW","539366000","0.75","Taiwan"
"136","Entegris","ENTG","538911000","103.46","United States"
"137","NCsoft","036570.KS","533215000","298.91","South Korea"
"138","Entain","ENT.L","530756000","1599.23","Isle of Man"
"139","Veeva Systems","VEEV","504722000","225.66","United States"
"140","Alpha &amp; Omega Semiconductor","AOSL","497713000","38.94","United States"
"141","NCR Corporation","NCR","492000000","34.29","United States"
"142","Take 2 Interactive","TTWO","491843000","125.51","United States"
"143","GoDaddy","GDDY","485700000","79.33","United States"
"144","Avast","AV2.F","477100000","8.31","Czech Republic"
"145","CoStar Group","CSGP","469985000","72.87","United States"
"146","Wiwynn","6669.TW","468643000","23.68","Taiwan"
"147","Jack Henry &amp; Associates","JKHY","467164000","210.93","United States"
"148","Sage Group","SGE.L","465897000","889.48","United Kingdom"
"149","Juniper Networks","JNPR","464200000","28.11","United States"
"150","FICO","FICO","463665000","489.84","United States"
"151","FactSet","FDS","462539000","423.55","United States"
"152","Trend Micro","4704.T","448024000","55.98","Japan"
"153","GlobalWafers","6488.TWO","432814000","15.79","Taiwan"
"154","F5 Networks","FFIV","430535000","170.85","United States"
"155","ZOZO","3092.T","430183000","23.77","Japan"
"156","PTC","PTC","429242000","119.33","United States"
"157","Amadeus IT Group","AMS.MC","421540000","56.35","Spain"
"158","Advantech","2395.TW","418083000","11.54","Taiwan"
"159","Canaan","CAN","411674000","3.98","China"
"160","Monolithic Power Systems","MPWR","392183000","535.52","United States"
"161","Etsy","ETSY","387321000","111.98","United States"
"162","Asseco","SFB1.F","379604000","15.75","Poland"
"163","BE Semiconductor","BESI.AS","371586000","54.49","Netherlands"
"164","MercadoLibre","MELI","366194000","1024.25","Argentina"
"165","Allegro.eu","ALE.WA","365555000","5.55","Poland"
"166","HelloFresh","HFG.DE","364811000","29.8","Germany"
"167","Dropbox","DBX","340100000","23.83","United States"
"168","CDK Global","CDK","339200000","54.76","United States"
"169","Sega Sammy Holdings","6460.T","332463000","14.74","Japan"
"170","AspenTech","AZPN","327556000","207.55","United States"
"171","Futu Holdings","FUTU","327444000","40.36","Hong Kong"
"172","Sanmina","SANM","326415000","49.32","United States"
"173","Paycom","PAYC","313852000","367.99","United States"
"174","Lumentum","LITE","298200000","92.19","United States"
"175","GungHo Online Entertainment","3765.T","294615000","19.2","Japan"
"176","Adevinta","ADE.OL","290191000","8.12","Norway"
"177","TietoEVRY","TIETO.HE","274868000","26.78","Finland"
"178","Silicon Motion","SIMO","274103000","82.56","Hong Kong"
"179","DeNA","2432.T","265990000","14.11","Japan"
"180","NICE","NICE","262279000","223.94","Israel"
"181","Spotify","SPOT","257875000","119.7","Sweden"
"182","3D Systems","DDD","257131000","13.24","United States"
"183","Silergy","6415.TW","256791000","19.19","China"
"184","Enphase Energy","ENPH","256084000","287.74","United States"
"185","Zalando","ZAL.DE","252957000","31.96","Germany"
"186","Temenos","TEMN.SW","240626000","81.98","Switzerland"
"187","ServiceNow","NOW","240000000","494.95","United States"
"188","Citrix Systems","CTXS","237359000","102.29","United States"
"189","Nemetschek","NEM.F","229235000","73.74","Germany"
"190","Tyler Technologies","TYL","218181000","414.07","United States"
"191","Monotaro","3064.T","216777000","19.04","Japan"
"192","Ubisoft","UBI.PA","215535000","47.18","France"
"193","Telus International","TIXT","213000000","30.12","Canada"
"194","Supermicro","SMCI","211670000","61.09","United States"
"195","Lasertec","6920.T","210169000","159.57","Japan"
"196","Teradata","TDC","200000000","35.16","United States"
"197","Donnelley Financial Solutions","DFIN","191900000","42.63","United States"
"198","Onto Innovation","ONTO","187997000","85.11","United States"
"199","Power Integrations","POWI","185919000","81.36","United States"
"200","Conduent","CNDT","180000000","4.59","United States"
"201","Axcelis Technologies","ACLS","178858000","75.5","United States"
"202","Getnet","GET","169982000","1.75","Brazil"
"203","AMEC","688012.SS","168097000","21.47","China"
"204","Autohome","ATHM","167170000","36.18","China"
"205","Allscripts","MDRX","166779000","17.45","United States"
"206","Softcat","SCT.L","165319000","1721.22","United Kingdom"
"207","Photronics","PLAB","164833000","24.14","United States"
"208","Avaya Holdings","AVYA","163000000","1.12","United States"
"209","Globant","GLOB","156220000","233.42","Luxembourg"
"210","Upstart","UPST","156119000","32.27","United States"
"211","LendingClub","LC","154671000","15.01","United States"
"212","Carsales","CAR.AX","153465000","14.78","Australia"
"213","ZoomInfo","ZI","150900000","48","United States"
"214","Software AG","SOW.F","149492000","27.67","Germany"
"215","GlobalFoundries","GFS","147336000","59.19","United States"
"216","ePlus","PLUS","146884000","48.25","United States"
"217","ChipMOS Technologies","IMOS","144742000","23.23","Taiwan"
"218","Criteo","CRTO","143612000","26.5","France"
"219","Mixi","2121.T","139849000","17.62","Japan"
"220","Nordic Semiconductor","NOD.OL","138270000","17.61","Norway"
"221","Lattice Semiconductor","LSCC","138063000","63.98","United States"
"222","Chindata","CD","132987000","7","China"
"223","Cellebrite","CLBT","132006000","5.6","Israel"
"224","Thryv","THRY","129131000","26.42","United States"
"225","TeamViewer","TMV.DE","126774000","10.94","Germany"
"226","Qualys","QLYS","124943000","127.43","United States"
"227","SciPlay","SCPL","124900000","12.51","United States"
"228","UCT (Ultra Clean Holdings)","UCTT","123772000","33.51","United States"
"229","Alight","ALIT","123000000","8.17","United States"
"230","Allegro MicroSystems","ALGM","121024000","25.98","United States"
"231","51job","JOBS","119996000","60.9","China"
"232","Endava","DAVA","118871000","107.23","United Kingdom"
"233","Cohu","COHU","117843000","29.46","United States"
"234","Terveystalo","TTALO.HE","117733000","9.3","Finland"
"235","SMART Global Holdings","SGH","116640000","19.37","United States"
"236","Ebix","EBIX","114657000","24.66","United States"
"237","Doximity","DOCS","113536000","40.61","United States"
"238","Adyen","ADYEN.AS","113336000","1855.82","Netherlands"
"239","Nuvei","NVEI","112238000","42.06","Canada"
"240","WiseTech Global","WTC.AX","111201000","36.92","Australia"
"241","Descartes Systems","DSGX","109896000","72.57","Canada"
"242","Tata Elxsi","TATAELXSI.NS","109319000","120.06","India"
"243","Gree","3632.T","109218000","6.15","Japan"
"244","Perfect World Entertainment","002624.SZ","106448000","2.22","China"
"245","Yandex","YNDX.ME","105689000","33.05","Netherlands"
"246","Topicus","TOI.V","104565000","62.25","Canada"
"247","Spirent","SPT.L","103600000","335.79","United Kingdom"
"248","Sohu.com","SOHU","101511000","17.27","China"
"249","Revolve","RVLV","101140000","29.84","United States"
"250","DoubleDown Interactive","DDI","100996000","10.54","United States"
"251","CSG International","CSGS","97491000","56.3","United States"
"252","The Trade Desk","TTD","96610000","54.97","United States"
"253","dLocal","DLO","94680000","31.3","Uruguay"
"254","Magnachip","MX","94604000","14.2","Luxembourg"
"255","Digital Turbine","APPS","92251000","23.7","United States"
"256","Formosa Sumco Technology","3532.TW","90610500","5.81","Taiwan"
"257","TANLA","TANLA.NS","88874200","9.05","India"
"258","Soitec","SOI.PA","88587100","164.27","France"
"259","Bentley Systems","BSY","85710000","40.73","United States"
"260","HIVE Blockchain Technologies","HIVE","84737900","5.53","Canada"
"261","Overstock.com","OSTK","84279000","31.92","United States"
"262","IronSource","IS","84258000","4.73","Israel"
"263","Yonyou","600588.SS","84091200","3.22","China"
"264","Yalla Group","YALA","82629900","4.61","United Arab Emirates"
"265","Allied Tecnologia","ALLD3.SA","82585800","2.29","Brazil"
"266","Jubilant FoodWorks","JUBLFOOD.NS","82238800","7.13","India"
"267","Gravity Co.","GRVY","81585000","50.19","South Korea"
"268","Qudian","QD","79223600","1.1","China"
"269","Chegg","CHGG","78056000","22.44","United States"
"270","Dynatrace","DT","76172000","42.06","United States"
"271","LendingTree","TREE","76045000","47.03","United States"
"272","Kingsoft","3888.HK","75195500","3.33","China"
"273","Omnicell","OMCL","74981000","109.47","United States"
"274","Paylocity","PCTY","74868000","260.8","United States"
"275","Perion Network","PERI","72586000","20.97","Israel"
"276","CD Projekt","CDR.WA","69105600","19.91","Poland"
"277","Ichor Systems","ICHR","66452000","32.55","United States"
"278","Corsair Gaming","CRSR","64385000","16.7","United States"
"279","Wirtualna Polska (WP Holding)","WPL.WA","62720800","22.79","Poland"
"280","Mastek","MASTEK.NS","62163200","25.37","India"
"281","SPS Commerce","SPSC","61372000","130.3","United States"
"282","Veeco","VECO","61095000","21.97","United States"
"283","New Work","NWO.F","60992900","140.92","Germany"
"284","Bitfarms","BITF","60529000","1.69","Canada"
"285","Kainos Group","KNOS.L","60429600","1674.12","United Kingdom"
"286","Voyager Digital","VOYG.TO","58476500","0.26","United States"
"287","PubMatic","PUBM","56728000","17.76","United States"
"288","Bytes Technology","BYIT.L","55587400","533.4","United Kingdom"
"289","Paradox Interactive","PDX.ST","54893300","16.88","Sweden"
"290","Razer","RAZFF","52263000","0.27","United States"
"291","SiTime","SITM","52175000","143.28","United States"
"292","EVO Payments","EVOP","51712000","33.45","United States"
"293","Triterras","TRIRF","51601200","1","Singapore"
"294","KPIT Technologies","KPITTECH.NS","49847000","6.68","India"
"295","Datto","MSP","49756000","35.18","United States"
"296","IndiaMART","INDIAMART.NS","49336100","56.41","India"
"297","Karooooo","KARO","49032800","27.95","Singapore"
"298","Verint Systems","VRNT","46159000","46.71","United States"
"299","DoubleVerify","DV","43975000","26.54","United States"
"300","Protolabs","PRLB","43826000","46.58","United States"
"301","A10 Networks","ATEN","43293000","15.55","United States"
"302","Harmonic","HLIT","42286000","11.09","United States"
"303","PlayWay","6P5.F","42133800","71.07","Poland"
"304","TechTarget","TTGT","41815000","69.54","United States"
"305","CI&amp;T","CINT","40569100","14.38","Brazil"
"306","secunet","YSN.F","39644100","296.22","Germany"
"307","N-Able","NABL","39541000","10.22","United States"
"308","Team17","TM17.L","39486800","543.54","United Kingdom"
"309","Marvelous","7844.T","39428800","5.11","Japan"
"310","Priority Technology Holdings","PRTH","39235000","4.9","United States"
"311","COLOPL","3668.T","37798600","5.13","Japan"
"312","Digital Bros","DIB.MI","34515000","29.45","Italy"
"313","Mimecast","MIME","34245000","79.92","United Kingdom"
"314","Groupon","GRPN","34123000","13.87","United States"
"315","Qt Group","QTCOM.HE","33954400","63.61","Finland"
"316","Pushpay Holdings","PPH.NZ","32958400","0.84","New Zealand"
"317","LiveChat Software","LVC.WA","32004200","21.79","Poland"
"318","MSTC Limited","MSTCLTD.NS","31508900","3.16","India"
"319","Nacon","NACON.PA","30442700","5.12","France"
"320","trivago","TRVG","30329700","1.73","Germany"
"321","Scienjoy","SJ","29503600","4.47","China"
"322","ACM Research","ACMR","28549000","18.88","United States"
"323","GB Group (GBG)","GBG.L","28449600","606.35","United Kingdom"
"324","Frontier Developments","FDEV.L","28241600","1864.96","United Kingdom"
"325","Markforged","MKFG","28128000","2.76","United States"
"326","OVH Groupe","OVH.PA","28090100","15.9","France"
"327","Computer Programs and Systems","CPSI","28011000","30.45","United States"
"328","Liquidity Services","LQDT","27334000","19.17","United States"
"329","Rimini Street","RMNI","26804000","5.87","United States"
"330","Appen","APX.AX","26008700","3.48","Australia"
"331","Datadog","DDOG","25788000","112.98","United States"
"332","1-800-PetMeds","PETS","25088000","21.99","United States"
"333","Kinaxis","KXS.TO","23934000","126.28","Canada"
"334","Atoss","AOF.F","23864500","158.05","Germany"
"335","Focus Home Interactive","ALFOC.PA","23564400","46.09","France"
"336","EaseMyTrip","EASEMYTRIP.NS","22329200","5.21","India"
"337","Riot Blockchain","RIOT","20739000","8.71","United States"
"338","Allied Motion Technologies","AMOT","20426000","33.37","United States"
"339","Exela Technologies","XELA","18706000","1.5","United States"
"340","Digi International","DGII","18691000","33.53","United States"
"341","Newegg","NEGG","18142000","3.83","United States"
"342","CyberOptics","CYBE","18114000","53.03","United States"
"343","Cigniti Technologies","CIGNITITEC.NS","17995300","6.85","India"
"344","People Can Fly","PCF.WA","17841900","10.82","Poland"
"345","ChannelAdvisor","ECOM","15772000","15.44","United States"
"346","Nykaa","NYKAA.NS","15358300","17.79","India"
"347","Materialise NV","MTLS","15214600","13.42","Belgium"
"348","Nippon Ichi Software","3851.T","15157200","11.29","Japan"
"349","Locaweb","LWSA3.SA","14941600","1.7","Brazil"
"350","Certara","CERT","14929000","24.13","United States"
"351","MapmyIndia","MAPMYINDIA.NS","14655900","16.93","India"
"352","Xperi","XPER","14462000","16.41","United States"
"353","Simulations Plus","SLP","14398000","65.61","United States"
"354","Silicom","SILC","14348000","41.7","Israel"
"355","American Software","AMSWA","13837000","18.08","United States"
"356","Exclusive Networks","EXN.PA","13690800","16.82","France"
"357","Quick Heal","QUICKHEAL.NS","13566900","2.65","India"
"358","Accelya","ACCELYA.NS","13545700","13.37","India"
"359","Infibeam Avenues","INFIBEAM.NS","13412500","0.19","India"
"360","OPTiM","3694.T","12753000","6.64","Japan"
"361","Informatica","INFA","12458000","22.85","United States"
"362","Remark Holdings","MARK","11772000","0.47","United States"
"363","Troops","TROO","11256000","2.58","Hong Kong"
"364","CI Games","CI7.F","11231800","0.38","Poland"
"365","Drecom","3793.T","10866500","5.47","Japan"
"366","Sterling Check","STER","9801000","19.89","United States"
"367","Nazara Technologies","NAZARA.NS","9763500","8.34","India"
"368","geechs","7060.T","9653820","6.96","Japan"
"369","Aehr Test Systems","AEHR","9541000","14.94","United States"
"370","O2Micro","OIIM","8850000","3.36","Cayman Islands"
"371","11 bit studios","11B.WA","8365550","111.36","Poland"
"372","CEVA","CEVA","7906000","37.7","United States"
"373","Agilysys","AGYS","7783000","50.31","United States"
"374","Tucows","TCX","7573000","46.88","Canada"
"375","Nucleus Software Exports","NUCLEUS.NS","7456460","5.25","India"
"376","Mitek Systems","MITK","7149000","11.26","United States"
"377","Netcapital","NCPL","5613580","3.64","United States"
"378","Huya","HUYA","5466080","3.16","China"
"379","Asure Software","ASUR","5131000","5.18","United States"
"380","Park City Group","PCYG","4277130","5.4","United States"
"381","Blackbaud","BLKB","4251000","57.1","United States"
"382","QuinStreet","QNST","2448000","11.89","United States"
"383","Sylogist","SYZ.TO","2314070","5.61","Canada"
"384","Paya","PAYA","2134000","7.25","United States"
"385","Grid Dynamics","GDYN","2031000","19.5","United States"
"386","Appirits","4174.T","1807950","6.89","Japan"
"387","Xero","XRO.AX","1647880","65.67","New Zealand"
"388","CleanSpark","CLSK","1386450","4.94","United States"
"389","eGain","EGAN","1100000","9.52","United States"
"390","Spire Global","SPIR","1001000","1.53","United States"
"391","Natural Health Trends","NHTC","997000","5.65","United States"
"392","Xunlei","XNET","983000","1.65","China"
"393","Justworks","JW","0","0","United States"
"394","TeraWulf","WULF","0","1.59","United States"
"395","Neowiz Games","095660.KQ","0","22.47","South Korea"
"396","Webzen","069080.KQ","0","15.23","South Korea"
"397","Wemade","112040.KQ","0","55.4","South Korea"
"398","Com2uS","078340.KQ","0","64.78","South Korea"
"399","Pearl Abyss","263750.KQ","0","46.93","South Korea"
"400","Nano Labs","NA","0","6.34","China"
"401","AMTD Digital","HKD","0","405","Hong Kong"
"402","SoundHound AI","SOUN","0","3.51","United States"
"403","Cipher Mining","CIFR","0","2.12","United States"
"404","Pagaya Technologies","PGY","0","20.94","Israel"
"405","enish","3667.T","-320363","3.09","Japan"
"406","Identiv","INVE","-626000","15.58","United States"
"407","Kakao Pay","377300.KS","-773357","54.47","South Korea"
"408","EngageSmart","ESMT","-1266000","21.41","United States"
"409","Paysign","PAYS","-1432240","2.15","United States"
"410","Jump Networks","JUMPNET.NS","-1509540","0.12","India"
"411","Ceragon Networks","CRNT","-1593000","2.66","Israel"
"412","Cryptyde","TYDE","-2493830","1.09","United States"
"413","NeoPhotonics","NPTN","-2615000","16.01","United States"
"414","Workday","WDAY","-3017000","166.8","United States"
"415","CarParts.com","PRTS","-3216000","8.97","United States"
"416","Rail Vision","RVSN","-3332140","1.04","Israel"
"417","MYT Netherlands Parent (Mytheresa)","MYTE","-3446870","15.2","Germany"
"418","ShotSpotter","SSTI","-3806000","33.16","United States"
"419","Blackboxstocks","BLBX","-3870730","1.3","United States"
"420","WonderPlanet","4199.T","-4029550","14.9","Japan"
"421","Focus Universal","FCUV","-4432250","15.61","United States"
"422","Intellicheck","IDN","-4553930","2.61","United States"
"423","IMTE","IMTE","-4774450","1.83","Australia"
"424","Vertex","VERX","-5061000","12.68","United States"
"425","3i Infotech","3IINFOLTD.NS","-5064190","0.52","India"
"426","BIO-key International","BKYI","-5213750","2.03","United States"
"427","Cemtrex","CETX","-5214750","0.33","United States"
"428","OLB Group","OLB","-5334100","1.62","United States"
"429","Kidpik","PIK","-5686390","2.09","United States"
"430","Quicklogic","QUIK","-5835000","7.93","United States"
"431","Guardforce AI","GFAI","-6224520","0.3","Singapore"
"432","SeaChange","SEAC","-6406000","0.6","United States"
"433","Semrush","SEMR","-6579000","13.73","United States"
"434","Iteris","ITI","-6726000","2.97","United States"
"435","Mercari","4385.T","-6834670","17.06","Japan"
"436","KLab","3656.T","-7885130","3.28","Japan"
"437","KnowBe4","KNBE","-8117000","18.76","United States"
"438","SaverOne 2014","SVRE","-8533570","2.51","Israel"
"439","Duck Creek Technologies","DCT","-8670000","14.14","United States"
"440","Lantronix","LTRX","-8691000","7.32","United States"
"441","Trust Stamp","IDAI","-8784080","1.45","United States"
"442","Spok Holdings","SPOK","-9635000","6.88","United States"
"443","ServiceSource","SREV","-9672000","1.5","United States"
"444","Cyngn","CYN","-10066700","1.27","United States"
"445","Clearwater Analytics","CWAN","-10297000","14.65","United States"
"446","Credo Technology","CRDO","-10354000","15.79","United States"
"447","NETGEAR","NTGR","-10387000","25.29","United States"
"448","Bottomline Technologies","EPAY","-10462000","56.99","United States"
"449","AdTheorent","ADTH","-10503000","3.14","United States"
"450","Faro Technologies","FARO","-10915000","36.04","United States"
"451","SOS Limited","SOS","-10932000","9.91","China"
"452","Advanced Human Imaging","AHI","-11154200","0.51","Australia"
"453","Grom Social Enterprises","GROM","-11342800","0.4","United States"
"454","Red Cat Holdings","RCAT","-11541400","2.08","United States"
"455","Méliuz","CASH3.SA","-12130500","0.26","Brazil"
"456","Ekso Bionics","EKSO","-12419000","2.04","United States"
"457","Foresight Autonomous Holdings","FRSX","-12698000","0.69","Israel"
"458","Versus Systems","VS","-12773000","0.4","Canada"
"459","System1","SST","-13327300","8.72","United States"
"460","Geospace Technologies","GEOS","-13503000","4.96","United States"
"461","KORE","KORE","-13683000","2.73","United States"
"462","ReWalk Robotics","RWLK","-13900000","1.05","Israel"
"463","ATARI","ATA.PA","-14068300","0.15","France"
"464","Playstudios","MYPS","-14164000","3.73","United States"
"465","Docebo","DCBO","-14188000","35.93","Canada"
"466","Starbreeze","STAR-B.ST","-14310500","0.09","Sweden"
"467","PDF Solutions","PDFS","-14638000","26.96","United States"
"468","G Medical Innovations","GMVD","-14891000","0.39","Israel"
"469","BrainChip","BRN.AX","-15100400","0.79","Australia"
"470","AppTech Payments","APCX","-15252400","0.75","United States"
"471","Pixelworks","PXLW","-15406000","2.42","United States"
"472","NEXTDC","NXT.AX","-15519300","8.23","Australia"
"473","Bit Digital","BTBT","-16306000","1.62","United States"
"474","Box","BOX","-16739000","30.21","United States"
"475","Marin Software","MRIN","-16955000","1.95","United States"
"476","Applied Blockchain","APLD","-17010000","2.19","United States"
"477","UP Fintech (Tiger Brokers)","TIGR","-17392200","3.59","China"
"478","Squarespace","SQSP","-17646000","23.05","United States"
"479","Benefitfocus","BNFT","-17651000","7.35","United States"
"480","ZipRecruiter","ZIP","-18005000","20.11","United States"
"481","MediaAlpha","MAX","-18040000","9.34","United States"
"482","Cimpress","CMPR","-18157000","39.9","Ireland"
"483","Cognyte Software","CGNT","-18549000","5.07","Israel"
"484","Winc","WBEV","-18879000","1.64","United States"
"485","Quantum","QMCO","-19051000","1.95","United States"
"486","Taboola.com","TBLA","-19300000","2.74","United States"
"487","Marpai","MRAI","-19785200","0.88","United States"
"488","Comtech Telecommunications","CMTL","-20383000","11.86","United States"
"489","Lightwave Logic","LWLG","-20452100","10.28","United States"
"490","Synchronoss","SNCR","-20655000","1.78","United States"
"491","Trainline","TRN.L","-20784700","472.28","United Kingdom"
"492","Smith Micro Software","SMSI","-21816000","3.07","United States"
"493","Arteris","AIP","-22480000","8.89","United States"
"494","BIT Mining (500.com)","BTCM","-23085200","0.73","China"
"495","CalAmp","CAMP","-23271000","5.03","United States"
"496","AVEVA","AVV.L","-24438300","2834.88","United Kingdom"
"497","Rigetti Computing","RGTI","-26127500","4.55","United States"
"498","Expensify","EXFY","-26636000","21.67","United States"
"499","Flywire","FLYW","-27123000","24.18","United States"
"500","Model N","MODN","-27188000","26.37","United States"
"501","Super League Gaming","SLGG","-27192000","1.03","United States"
"502","Valens Semiconductor","VLN","-27271000","3.87","Israel"
"503","Pure Storage","PSTG","-28860000","29.86","United States"
"504","E2open","ETWO","-28904000","7.4","United States"
"505","Sphere 3D","ANY","-29579000","0.72","Canada"
"506","Hut 8 Mining","HUT","-29961200","2.5","Canada"
"507","Ambarella","AMBA","-30005000","88.39","United States"
"508","WM Technology","MAPS","-30382000","3.57","United States"
"509","Verb Technology","VERB","-30419000","0.57","United States"
"510","Backblaze","BLZE","-30482000","6.96","United States"
"511","DigitalOcean","DOCN","-30643000","47.87","United States"
"512","Cepton","CPTN","-31136700","1.83","United States"
"513","MakeMyTrip","MMYT","-31801000","31.97","India"
"514","nLIGHT","LASR","-32382000","12.72","United States"
"515","Plantronics","POLY","-32527000","39.8","United States"
"516","CS Disco","LAW","-33191000","28","United States"
"517","Olo","OLO","-33310000","13.23","United States"
"518","Compugen","CGEN","-34008000","1.48","Israel"
"519","AgEagle Aerial Systems","UAVS","-34622000","0.72","United States"
"520","Baozun","BZUN","-35174500","9.15","China"
"521","Payoneer","PAYO","-35403000","5.62","United States"
"522","Cheetah Mobile","CMCM","-35479600","0.74","China"
"523","NerdWallet","NRDS","-35600000","9.81","United States"
"524","ON24","ONTF","-37357000","10.43","United States"
"525","Rekor Systems","REKR","-37676000","1.86","United States"
"526","Mister Spex","MRX.F","-37747100","4.71","Germany"
"527","Poshmark","POSH","-38150000","12.69","United States"
"528","Tufin","TUFN","-38898000","12.41","Israel"
"529","Snap One","SNPO","-38917000","12.6","United States"
"530","Roku","ROKU","-39049000","83.6","United States"
"531","Energous","WATT","-40054200","1.38","United States"
"532","Opera","OPRA","-40214000","5.18","Norway"
"533","Sprout Social","SPT","-40699000","64.26","United States"
"534","Forge Global","FRGE","-41130000","4.76","United States"
"535","Pareteum Corporation","TEUM","-41792000","0","United States"
"536","stem","STEM","-41973000","14.84","United States"
"537","Telos","TLS","-42559000","8.82","United States"
"538","Vonage Holdings Corp.","VG","-43855000","20.99","United States"
"539","Renren","RENN","-43891000","28.84","China"
"540","Vuzix","VUZI","-44243800","8.87","United States"
"541","AvePoint","AVPT","-44739600","5.42","United States"
"542","Cerberus Cyber Sentinel","CISO","-45029100","3.42","United States"
"543","Dave Inc.","DAVE","-45751900","0.72","United States"
"544","Repay Holdings","RPAY","-46075900","13.59","United States"
"545","Arlo Technologies","ARLO","-46685000","7.44","United States"
"546","Greenidge Generation Holdings","GREE","-46880000","3.83","United States"
"547","Inpixon","INPX","-47111000","0.16","United States"
"548","Instructure Holdings","INST","-48173000","25","United States"
"549","Digimarc","DMRC","-48595000","18.55","United States"
"550","ForgeRock","FORG","-48740000","22.62","United States"
"551","Mynaric","MYNA","-49474500","8.2","Germany"
"552","Microvision","MVIS","-49483000","5.47","United States"
"553","Twitter","TWTR","-49668000","42.94","United States"
"554","Ceridian","CDAY","-50400000","66","United States"
"555","Stronghold Digital Mining","SDIG","-51867300","2.83","United States"
"556","UserTesting","USER","-52794000","4.7","United States"
"557","VIZIO","VZIO","-52888000","10.64","United States"
"558","gumi","3903.T","-54776500","5.61","Japan"
"559","Phunware","PHUN","-55075000","1.71","United States"
"560","Weave Communications","WEAV","-55256000","5.14","United States"
"561","Arbe Robotics","ARBE","-55365000","6.14","Israel"
"562","Onion Global","OG","-55629800","0.82","China"
"563","BitNile","NILE","-55714000","0.34","United States"
"564","Alkami Technology","ALKT","-56139000","14.93","United States"
"565","Nerdy","NRDY","-56647000","2.93","United States"
"566","Porch Group","PRCH","-57400000","2.62","United States"
"567","Rover","ROVR","-57940600","3.85","United States"
"568","HubSpot","HUBS","-58418000","385.22","United States"
"569","PowerSchool","PWSC","-59885000","15.46","United States"
"570","Skillsoft","SKIL","-60186900","4.15","United States"
"571","Couchbase","BASE","-62077000","18.29","United States"
"572","The Original BARK Company","BARK","-62836000","1.75","United States"
"573","EverCommerce","EVCM","-62901000","12.63","United States"
"574","Veritone","VERI","-63852000","9.55","United States"
"575","Fiverr","FVRR","-64009000","42.58","Israel"
"576","LiveRamp","RAMP","-64059000","24.06","United States"
"577","SkyWater Technology","SKYT","-64143000","17.63","United States"
"578","Upland Software","UPLD","-64435000","11.78","United States"
"579","ThredUp","TDUP","-67647000","3","United States"
"580","Tenable","TENB","-67660000","43.28","United States"
"581","VTEX","VTEX","-69834000","4.93","United Kingdom"
"582","Tabula Rasa HealthCare","TRHC","-70482000","5.17","United States"
"583","Secureworks","SCWX","-70874000","9.9","United States"
"584","Sierra Wireless","SWIR","-73629000","30.53","Canada"
"585","DocuSign","DOCU","-74057000","74.32","United States"
"586","SailPoint","SAIL","-74544000","64.33","United States"
"587","Diebold Nixdorf","DBD","-74800000","4.67","United States"
"588","The9","NCTY","-75053800","1.55","China"
"589","Hims &amp; Hers Health","HIMS","-75639000","6.67","United States"
"590","Wix.com","WIX","-77471000","72.48","Israel"
"591","AEye","LIDR","-78375000","2.46","United States"
"592","Despegar","DESP","-80649000","8.3","Argentina"
"593","Similarweb","SMWB","-80737000","8.6","Israel"
"594","Navitas Semiconductor","NVTS","-80903200","4.94","Ireland"
"595","Q2","QTWO","-81182000","45.04","United States"
"596","Stratasys","SSYS","-81209000","19.45","United States"
"597","ANI Pharmaceuticals","ANIP","-82031000","34.87","United States"
"598","Five9","FIVN","-82275000","116.87","United States"
"599","SOPHiA GENETICS","SOPH","-83816000","5.1","Switzerland"
"600","Exscientia","EXAI","-84821600","11.58","United Kingdom"
"601","Riskified","RSKD","-84875000","5.36","Israel"
"602","Jfrog","FROG","-85075000","25.17","United States"
"603","nCino","NCNO","-86092000","37.24","United States"
"604","Vimeo","VMEO","-87132000","7.21","United States"
"605","Remitly","RELY","-88319000","11.15","United States"
"606","Stitch Fix","SFIX","-88686000","7.27","United States"
"607","SmartRent","SMRT","-90643000","5.46","United States"
"608","Block","SQ","-91558000","85.5","United States"
"609","PB Fintech","POLICYBZR.NS","-92429400","7","India"
"610","PAR Technology","PAR","-92631000","45.43","United States"
"611","WalkMe","WKME","-93865000","11.38","Israel"
"612","Chewy","CHWY","-94064000","47.71","United States"
"613","Cvent","CVT","-94071000","6.3","United States"
"614","Intapp","INTA","-94848000","15.94","United States"
"615","Jamf","JAMF","-97607000","26.7","United States"
"616","AppLovin","APP","-97916000","40.14","United States"
"617","AST SpaceMobile","ASTS","-98637000","7.55","United States"
"618","Appian","APPN","-99126000","55.25","United States"
"619","CyberArk","CYBR","-99275000","137.75","Israel"
"620","Sprinklr","CXM","-99893000","12.8","United States"
"621","IonQ","IONQ","-100427000","6.13","United States"
"622","Domo","DOMO","-102151000","33.57","United States"
"623","Talkspace","TALK","-102574000","1.75","United States"
"624","Nextdoor","KIND","-102987000","3.87","United States"
"625","Zuora","ZUO","-103570000","9.63","United States"
"626","Amplitude","AMPL","-104273000","18.46","United States"
"627","BigCommerce","BIGC","-104614000","19.74","United States"
"628","Udemy","UDMY","-104911000","14.45","United States"
"629","Braze","BRZE","-104958000","49.22","United States"
"630","Ouster","OUST","-108168000","1.74","United States"
"631","Marathon Digital Holdings","MARA","-109384000","14.43","United States"
"632","LegalZoom","LZ","-115122000","10.87","United States"
"633","indie Semiconductor","INDI","-115584000","7.52","United States"
"634","Embark Technology","EMBK","-116050000","0.54","United States"
"635","Pear Therapeutics","PEAR","-119275000","1.95","United States"
"636","Pintec Technology","PT","-121126000","1.14","China"
"637","Momentive Global","MNTV","-121311000","8.03","United States"
"638","American Virtual Cloud","AVCT","-122852000","0.17","United States"
"639","Nexters","GDEV","-123256000","6.38","Cyprus"
"640","Varonis","VRNS","-125650000","31.11","United States"
"641","Global-e","GLBE","-125978000","27.84","Israel"
"642","Aeva Technologies","AEVA","-126475000","4.46","United States"
"643","Avalara","AVLR","-126566000","91.86","United States"
"644","NextNav","NN","-126772000","3.11","United States"
"645","Sema4","SMFR","-128373000","2.03","United States"
"646","Sumo Logic","SUMO","-129094000","8.28","United States"
"647","Delivery Hero","DHER.F","-129615000","50.73","Germany"
"648","Vacasa","VCSA","-130108000","3","United States"
"649","Unisys","UIS","-133000000","11.5","United States"
"650","Zomato","ZOMATO.NS","-136731000","0.7","India"
"651","Rockley Photonics","RKLY","-137032000","2.05","United Kingdom"
"652","TomTom","TOM2.AS","-137155000","9.09","Netherlands"
"653","Ocado","OCDO.L","-140207000","1076.46","United Kingdom"
"654","Quanergy Systems","QNGY","-140579000","0.45","United States"
"655","JD Health","6618.HK","-141475000","7.83","China"
"656","LivePerson","LPSN","-142122000","16.57","United States"
"657","Bird Global","BRDS","-142160000","0.67","United States"
"658","Paycor","PYCR","-143142000","32.36","United States"
"659","AvidXchange","AVDX","-143182000","8.4","United States"
"660","GitLab","GTLB","-145802000","66.62","United States"
"661","Swvl Holdings","SWVL","-146207000","1.73","United Arab Emirates"
"662","Darktrace","DARK.L","-147621000","458.63","United Kingdom"
"663","Youdao","DAO","-148806000","4.63","China"
"664","Doma","DOMA","-150337000","0.77","United States"
"665","Clarivate","CLVT","-151965000","14.46","United Kingdom"
"666","Tricida","TCDA","-152843000","10.8","United States"
"667","Rapid7","RPD","-153559000","66.93","United States"
"668","CrowdStrike","CRWD","-154183000","189.52","United States"
"669","monday.com","MNDY","-156207000","150.53","Israel"
"670","Phreesia","PHR","-156783000","25.8","United States"
"671","Velo3D","VLD","-157538000","3.64","United States"
"672","Hippo","HIPO","-157732000","0.84","United States"
"673","Latch","LTCH","-160671000","1.13","United States"
"674","Coursera","COUR","-164574000","13.5","United States"
"675","Bakkt Holdings","BKKT","-167094000","3.25","United States"
"676","Innoviz","INVZ","-168934000","5.24","Israel"
"677","Shift Technologies","SFT","-170571000","1.53","United States"
"678","Redfin","RDFN","-170608000","12.09","United States"
"679","Elastic NV","ESTC","-177073000","87.8","United States"
"680","THG (The Hut Group)","THG.L","-185523000","80.01","United Kingdom"
"681","Aterian","ATER","-186414000","2.98","United States"
"682","tuya","TUYA","-189236000","1.83","China"
"683","C3 AI","AI","-191276000","22.17","United States"
"684","Smartsheet","SMAR","-201477000","36.11","United States"
"685","Cloudflare","NET","-207630000","73.68","United States"
"686","CCC Intelligent Solutions","CCCS","-208080000","9.69","United States"
"687","BlackBerry","BB","-210000000","6.9","Canada"
"688","American Well","AMWL","-210723000","5.16","United States"
"689","Rackspace Technology","RXT","-211100000","7.04","United States"
"690","Anaplan","PLAN","-211199000","63.73","United States"
"691","Marqeta","MQ","-212699000","10.91","United States"
"692","Wejo Group","WEJO","-215381000","1.72","United Kingdom"
"693","OneConnect","OCFT","-216112000","1.33","China"
"694","Velodyne Lidar","VLDR","-219697000","1.27","United States"
"695","23andMe","ME","-220970000","3.98","United States"
"696","BlackSky Technology","BKSY","-224268000","2.7","United States"
"697","Nano Dimension","NNDM","-226761000","3.38","United States"
"698","New Relic","NEWR","-226861000","67.17","United States"
"699","Fastly","FSLY","-230132000","12.04","United States"
"700","Pegasystems","PEGA","-233304000","40.72","United States"
"701","Trip.com","TCOM","-237279000","25.42","China"
"702","The RealReal","REAL","-237498000","3.61","United States"
"703","Vivint Smart Home","VVNT","-245077000","5.35","United States"
"704","SIGNA Sports United","SSU","-248963000","5.91","Germany"
"705","Coupa","COUP","-250621000","77.56","United States"
"706","Luminar Technologies","LAZR","-251256000","7.91","United States"
"707","Blend Labs","BLND","-256186000","3.23","United States"
"708","Lemonade","LMND","-258100000","25.11","United States"
"709","IronNet","IRNT","-258136000","2.58","United States"
"710","Zhihu","ZH","-265107000","1.32","China"
"711","Jumia","JMIA","-265177000","7.09","Germany"
"712","Procore","PCOR","-267519000","63.9","United States"
"713","Palo Alto Networks","PANW","-270300000","501.07","United States"
"714","Zendesk","ZEN","-270532000","76.21","United States"
"715","Arqit Quantum","ARQQ","-271729000","5.74","United Kingdom"
"716","Cyxtera Technologies","CYXT","-277000000","12.33","United States"
"717","Matterport","MTTR","-281308000","5.13","United States"
"718","Zeta Global","ZETA","-293476000","7.01","United States"
"719","Skillz","SKLZ","-295149000","1.72","United States"
"720","SentinelOne","S","-297117000","27.26","United States"
"721","ContextLogic (wish.com)","WISH","-303000000","1.85","United States"
"722","Alteryx","AYX","-304481000","62.98","United States"
"723","Freshworks","FRSH","-311104000","15.9","United States"
"724","Lightspeed POS","LSPD","-312487000","23.38","Canada"
"725","MongoDB","MDB","-313669000","363.71","United States"
"726","Asana","ASAN","-314324000","26.58","United States"
"727","Zscaler","ZS","-315641000","168.15","United States"
"728","Paytm","PAYTM.NS","-317437000","10.49","India"
"729","2U","TWOU","-317485000","9.02","United States"
"730","HashiCorp","HCP","-328268000","39.67","United States"
"731","Marvell Technology Group","MRVL","-328288000","55.59","United States"
"732","UpHealth","UPH","-334152000","0.7","United States"
"733","Wolfspeed","WOLF","-338400000","88.2","United States"
"734","SoFi","SOFI","-344641000","7.98","United States"
"735","LifeStance Health Group","LFST","-356946000","7.4","United States"
"736","UiPath","PATH","-380899000","21.94","United States"
"737","Samsara","IOT","-394774000","16.48","United States"
"738","Mandiant","MNDT","-406207000","22.78","United States"
"739","Core Scientific","CORZ","-411567000","2.99","United States"
"740","Toast","TOST","-414000000","17.64","United States"
"741","Embracer Group","EMBRAC-B.ST","-423923000","7.86","Sweden"
"742","Iris Energy","IREN","-431569000","5.43","Australia"
"743","Babylon Holdings","BBLN","-436540000","0.98","United Kingdom"
"744","Confluent","CFLT","-437410000","33.56","United States"
"745","Wayfair","W","-464232000","71.85","United States"
"746","Compass","COMP","-465700000","4.6","United States"
"747","Palantir","PLTR","-467478000","9.82","United States"
"748","Micro Focus","MFGP","-517800000","3.47","United Kingdom"
"749","DoorDash","DASH","-521000000","75.54","United States"
"750","Missfresh","MF","-558659000","0.17","China"
"751","Zillow","ZG","-568588000","38.98","United States"
"752","Sabre","SABR","-569122000","7.49","United States"
"753","RingCentral","RNG","-571890000","52.15","United States"
"754","Unity Software","U","-590918000","49.76","United States"
"755","SolarWinds","SWI","-598696000","9.83","United States"
"756","Genius Sports","GENI","-637968000","3.82","United Kingdom"
"757","Snowflake","SNOW","-665977000","170.85","United States"
"758","Atlassian","TEAM","-709731000","279.35","Australia"
"759","Xerox","XRX","-721000000","17.62","United States"
"760","Cazoo","CZOO","-741423000","0.96","United Kingdom"
"761","Aurora Innovation","AUR","-759954000","2.59","United States"
"762","Lyft","LYFT","-766858000","19.83","United States"
"763","Snap","SNAP","-801568000","10.41","United States"
"764","Ozon","OZON.ME","-810164000","11.6","United States"
"765","TuSimple","TSP","-907260000","9.53","United States"
"766","Okta","OKTA","-909037000","107.22","United States"
"767","Twilio","TWLO","-936053000","86.48","United States"
"768","Nutanix","NTNX","-987079000","17.3","United States"
"769","Vinco Ventures","BBIG","-1032750000","0.71","United States"
"770","Just Eat Takeaway","TKWY.AS","-1094000000","18.46","Netherlands"
"771","Qualtrics","XM","-1146100000","13.34","United States"
"772","Splunk","SPLK","-1151970000","113.08","United States"
"773","GoTo","GOTO.JK","-1202530000","0.02","Indonesia"
"774","Paysafe","PSFE","-1213910000","2.29","United States"
"775","Bilibili","BILI","-1260040000","24.65","China"
"776","Jingdong Mall","JD","-1304130000","58.84","China"
"777","Cian","CIAN","-1306740000","3.4","Russia"
"778","MicroStrategy","MSTR","-1312520000","330.01","United States"
"779","Coupang","CPNG","-1427710000","19.2","South Korea"
"780","Sea (Garena)","SE","-1723990000","85.54","Singapore"
"781","Baidu","BIDU","-1975660000","136.4","China"
"782","Shopify","SHOP","-1999370000","39.77","Canada"
"783","Rakuten","4755.T","-2125060000","5","Japan"
"784","Robinhood","HOOD","-2472250000","10.68","United States"
"785","Grab Holdings","GRAB","-3001000000","3.74","Singapore"
"786","eBay","EBAY","-3201000000","47.61","United States"
"787","Meituan","3690.HK","-3476830000","22.88","China"
"788","Schibsted","SCHA.OL","-4370650000","19.15","Norway"
"789","DiDi","DIDIY","-7616800000","2.89","China"
"790","Teladoc Health","TDOC","-9870620000","38.79","United States"
"791","Uber","UBER","-10460000000","31.85","United States"
"792","Kuaishou Technology","1024.HK","-13856500000","9.85","China"
