"Rank","Name","Symbol","employees_count","price (USD)","country"
"1","Amazon","AMZN","1608000","139.41","United States"
"2","IBM","IBM","345900","132.61","United States"
"3","Jingdong Mall","JD","314906","58.84","China"
"4","Alibaba","BABA","259316","90.84","China"
"5","Panasonic","6752.T","244479","8.3","Japan"
"6","Canon","CAJ","181897","24.81","Japan"
"7","Microsoft","MSFT","181000","280.32","United States"
"8","Dell","DELL","158000","45.45","United States"
"9","Alphabet (Google)","GOOG","156500","118.14","United States"
"10","Apple","AAPL","154000","164.87","United States"
"11","Oracle","ORCL","132000","76.47","United States"
"12","Intel","INTC","121100","35.38","United States"
"13","NEC Corp","6701.T","114714","36.21","Japan"
"14","Tencent","TCEHY","112771","37.81","China"
"15","Sony","SONY","109700","84.83","Japan"
"16","SAP","SAP","107415","94.33","Germany"
"17","Genpact","G","105400","46.62","Bermuda"
"18","ASE Group","ASX","104471","6.06","Taiwan"
"19","Ericsson","ERIC","101322","7.55","Sweden"
"20","Tesla","TSLA","99290","871.27","United States"
"21","Lufax","LU","87240","4.25","China"
"22","TE Connectivity","TEL","85000","132.92","Switzerland"
"23","Cisco","CSCO","79500","45.02","United States"
"24","IQVIA","IQV","77000","233.66","United States"
"25","Salesforce","CRM","69530","189.75","United States"
"26","Fidelity National Information Services","FIS","65000","98.08","United States"
"27","Conduent","CNDT","61000","4.59","United States"
"28","Hewlett Packard Enterprise","HPE","60400","14.4","United States"
"29","Telus International","TIXT","58527","30.12","Canada"
"30","Automatic Data Processing","ADP","56000","248.61","United States"
"31","TSMC","TSM","54193","87.94","Taiwan"
"32","Lenovo","0992.HK","52000","0.91","Hong Kong"
"33","HP","HPQ","51000","33.45","United States"
"34","Infineon","IFX.DE","50280","28.09","Germany"
"35","Coupang","CPNG","50000","19.2","South Korea"
"36","STMicroelectronics","STM","46016","38.24","Switzerland"
"37","QUALCOMM","QCOM","45000","147.81","United States"
"38","Fiserv","FISV","44000","104.99","United States"
"39","Delivery Hero","DHER.F","43838","50.73","Germany"
"40","Micron Technology","MU","43000","61.45","United States"
"41","Baidu","BIDU","41000","136.4","China"
"42","Seagate Technology","STX","40000","81.08","Ireland"
"43","Leidos","LDOS","39000","98.35","United States"
"44","Lumen","LUMN","37000","10.97","United States"
"45","Jubilant FoodWorks","JUBLFOOD.NS","36001","7.13","India"
"46","NCR Corporation","NCR","36000","34.29","United States"
"47","Sea (Garena)","SE","33800","85.54","Singapore"
"48","Trip.com","TCOM","33400","25.42","China"
"49","Vmware","VMW","32300","117.21","United States"
"50","Sanmina","SANM","32000","49.32","United States"
"51","Texas Instruments","TXN","31000","182.8","United States"
"52","ON Semiconductor","ON","30000","67.34","United States"
"53","MercadoLibre","MELI","29957","1024.25","Argentina"
"54","SK Hynix","000660.KS","29711","74.09","South Korea"
"55","Asseco","SFB1.F","29148","15.75","Poland"
"56","ASML","ASML","29025","572.75","Netherlands"
"57","NXP Semiconductors","NXPI","29000","179.96","Netherlands"
"58","NetEase","NTES","28239","89.46","China"
"59","Applied Materials","AMAT","27000","107.83","United States"
"60","PayPal","PYPL","26500","96.26","United States"
"61","Uber","UBER","24700","31.85","United States"
"62","Analog Devices","ADI","24700","175.86","United States"
"63","SS&C Technologies","SSNC","24600","60.45","United States"
"64","TietoEVRY","TIETO.HE","24389","26.78","Finland"
"65","Global Payments","GPN","24000","129.33","United States"
"66","Rakuten","4755.T","23841","5","Japan"
"67","Xerox","XRX","23600","17.62","United States"
"68","NVIDIA","NVDA","22473","177.93","United States"
"69","Rohm","6963.T","22370","75.97","Japan"
"70","Xiaomi","XIACF","22074","1.5","China"
"71","Diebold Nixdorf","DBD","22000","4.67","United States"
"72","Globant","GLOB","21849","233.42","Luxembourg"
"73","Kuaishou Technology","1024.HK","21499","9.85","China"
"74","Renesas Electronics","6723.T","20814","9.83","Japan"
"75","Yonyou","600588.SS","20604","3.22","China"
"76","Broadcom","AVGO","20000","545.53","United States"
"77","Booking.com","BKNG","19600","1955.8","United States"
"78","United Microelectronics","UMC","19500","6.86","Taiwan"
"79","Microchip Technology","MCHP","19500","70.9","United States"
"80","Nikon","NINOY","19448","11.53","Japan"
"81","Roper Technologies","ROP","19300","431.01","United States"
"82","Wolters Kluwer","WOSB.F","18670","106.76","Netherlands"
"83","Chewy","CHWY","18500","47.71","United States"
"84","Exela Technologies","XELA","17500","1.5","United States"
"85","SMIC","MKN2.F","17354","2.19","China"
"86","Unisys","UIS","17200","11.5","United States"
"87","Zalando","ZAL.DE","16619","31.96","Germany"
"88","Synopsys","SNPS","16361","372.07","United States"
"89","Wayfair","W","16122","71.85","United States"
"90","DiDi","DIDIY","15914","2.89","China"
"91","AMD","AMD","15500","100.07","United States"
"92","Lam Research","LRCX","15400","509.54","United States"
"93","Alight","ALIT","15000","8.17","United States"
"94","Ozon","OZON.ME","14834","11.6","United States"
"95","Expedia Group","EXPE","14800","105.38","United States"
"96","OpenText","OTEX","14500","39.24","Canada"
"97","Keysight","KEYS","14300","166.22","United States"
"98","Entain","ENT.L","13849","1599.23","Isle of Man"
"99","Intuit","INTU","13500","466.76","United States"
"100","ServiceNow","NOW","13096","494.95","United States"
"101","Cimpress","CMPR","13000","39.9","Ireland"
"102","eBay","EBAY","12700","47.61","United States"
"103","Workday","WDAY","12500","166.8","United States"
"104","Vivint Smart Home","VVNT","12100","5.35","United States"
"105","Sage Group","SGE.L","11760","889.48","United Kingdom"
"106","ASM Pacific Technology","0522.HK","11600","8.47","Hong Kong"
"107","Palo Alto Networks","PANW","11527","501.07","United States"
"108","Autodesk","ADSK","11500","220.69","United States"
"109","Trimble","TRMB","11402","68.24","United States"
"110","Micro Focus","MFGP","11355","3.47","United Kingdom"
"111","KLA","KLAC","11300","387.68","United States"
"112","Stitch Fix","SFIX","11260","7.27","United States"
"113","Skyworks Solutions","SWKS","11000","112.13","United States"
"114","NetApp","NTAP","11000","72.65","United States"
"115","Electronic Arts","EA","11000","131.05","United States"
"116","FactSet","FDS","10898","423.55","United States"
"117","Equinix","EQIX","10801","697.02","United States"
"118","Juniper Networks","JNPR","9950","28.11","United States"
"119","Ebix","EBIX","9802","24.66","United States"
"120","Fortinet","FTNT","9700","53.32","United States"
"121","Endava","DAVA","9616","107.23","United Kingdom"
"122","Bandai Namco","7832.T","9550","74.2","Japan"
"123","Activision Blizzard","ATVI","9500","81","United States"
"124","Netflix","NFLX","9400","233.49","United States"
"125","Logitech","LOGI","9000","57.66","Switzerland"
"126","Zebra Technologies","ZBRA","8800","330.32","United States"
"127","Cadence Design Systems","CDNS","8800","184.33","United States"
"128","Bilibili","BILI","8646","24.65","China"
"129","Paytm","PAYTM.NS","8623","10.49","India"
"130","Clarivate","CLVT","8445","14.46","United Kingdom"
"131","51job","JOBS","8431","60.9","China"
"132","Akamai","AKAM","8411","96.38","United States"
"133","Qorvo","QRVO","8400","106.43","United States"
"134","Allscripts","MDRX","8400","17.45","United States"
"135","Terveystalo","TTALO.HE","8226","9.3","Finland"
"136","Plantronics","POLY","8200","39.8","United States"
"137","Avaya Holdings","AVYA","8063","1.12","United States"
"138","Zillow","ZG","7999","38.98","United States"
"139","Pinduoduo","PDD","7986","47.67","China"
"140","Vipshop","VIPS","7567","9.95","China"
"141","Sega Sammy Holdings","6460.T","7535","14.74","Japan"
"142","Sabre","SABR","7531","7.49","United States"
"143","Twilio","TWLO","7381","86.48","United States"
"144","Temenos","TEMN.SW","7227","81.98","Switzerland"
"145","Shopify","SHOP","7000","39.77","Canada"
"146","Playtech","PTEC.L","7000","563.11","Isle of Man"
"147","THG (The Hut Group)","THG.L","7000","80.01","United Kingdom"
"148","Atlassian","TEAM","6912","279.35","Australia"
"149","Embracer Group","EMBRAC-B.ST","6860","7.86","Sweden"
"150","Jack Henry &amp; Associates","JKHY","6714","210.93","United States"
"151","PTC","PTC","6709","119.33","United States"
"152","KPIT Technologies","KPITTECH.NS","6638","6.68","India"
"153","GoDaddy","GDDY","6621","79.33","United States"
"154","Spotify","SPOT","6617","119.7","Sweden"
"155","Rackspace Technology","RXT","6600","7.04","United States"
"156","Tata Elxsi","TATAELXSI.NS","6577","120.06","India"
"157","Nintendo","7974.T","6574","427.33","Japan"
"158","Splunk","SPLK","6500","113.08","United States"
"159","CDK Global","CDK","6500","54.76","United States"
"160","Take 2 Interactive","TTWO","6495","125.51","United States"
"161","HelloFresh","HFG.DE","6432","29.8","Germany"
"162","F5 Networks","FFIV","6396","170.85","United States"
"163","NICE","NICE","6383","223.94","Israel"
"164","AVEVA","AVV.L","6250","2834.88","United Kingdom"
"165","Nutanix","NTNX","6080","17.3","United States"
"166","Baozun","BZUN","6076","9.15","China"
"167","Ceridian","CDAY","5974","66","United States"
"168","CyberAgent","4751.T","5944","10.72","Japan"
"169","Entegris","ENTG","5800","103.46","United States"
"170","Pegasystems","PEGA","5776","40.72","United States"
"171","Kingsoft","3888.HK","5775","3.33","China"
"172","Perfect World Entertainment","002624.SZ","5665","2.22","China"
"173","DocuSign","DOCU","5630","74.32","United States"
"174","Lumentum","LITE","5618","92.19","United States"
"175","Airbnb","ABNB","5597","115.82","United States"
"176","Twitter","TWTR","5500","42.94","United States"
"177","Block","SQ","5477","85.5","United States"
"178","Zendesk","ZEN","5450","76.21","United States"
"179","CI&amp;T","CINT","5398","14.38","Brazil"
"180","Marvell Technology Group","MRVL","5287","55.59","United States"
"181","Snap","SNAP","5190","10.41","United States"
"182","Weibo","WB","5073","19.23","China"
"183","Ansys","ANSS","5000","282.65","United States"
"184","CSG International","CSGS","5000","56.3","United States"
"185","Konami Holdings","9766.T","4982","50.95","Japan"
"186","Youdao","DAO","4949","4.63","China"
"187","Unity Software","U","4934","49.76","United States"
"188","Informatica","INFA","4926","22.85","United States"
"189","Software AG","SOW.F","4819","27.67","Germany"
"190","CoStar Group","CSGP","4800","72.87","United States"
"191","Mastek","MASTEK.NS","4785","25.37","India"
"192","Bentley Systems","BSY","4626","40.73","United States"
"193","Freshworks","FRSH","4600","15.9","United States"
"194","Okta","OKTA","4584","107.22","United States"
"195","CrowdStrike","CRWD","4543","189.52","United States"
"196","Veeva Systems","VEEV","4506","225.66","United States"
"197","TomTom","TOM2.AS","4424","9.09","Netherlands"
"198","Verint Systems","VRNT","4400","46.71","United States"
"199","LifeStance Health Group","LFST","4375","7.4","United States"
"200","Lyft","LYFT","4369","19.83","United States"
"201","Naver","035420.KS","4315","198.89","South Korea"
"202","Paycom","PAYC","4218","367.99","United States"
"203","Redfin","RDFN","4185","12.09","United States"
"204","Groupon","GRPN","4159","13.87","United States"
"205","Supermicro","SMCI","4155","61.09","United States"
"206","Paylocity","PCTY","4150","260.8","United States"
"207","Disco Corp.","6146.T","4091","251.02","Japan"
"208","Jumia","JMIA","4067","7.09","Germany"
"209","3i Infotech","3IINFOLTD.NS","4000","0.52","India"
"210","Pure Storage","PSTG","4000","29.86","United States"
"211","Alpha &amp; Omega Semiconductor","AOSL","3939","38.94","United States"
"212","SMART Global Holdings","SGH","3900","19.37","United States"
"213","DoorDash","DASH","3886","75.54","United States"
"214","Allegro MicroSystems","ALGM","3874","25.98","United States"
"215","Zoom","ZM","3871","114.74","United States"
"216","Adevinta","ADE.OL","3826","8.12","Norway"
"217","Playtika","PLTK","3800","12.15","Israel"
"218","2U","TWOU","3772","9.02","United States"
"219","Zomato","ZOMATO.NS","3755","0.7","India"
"220","FICO","FICO","3662","489.84","United States"
"221","Teladoc Health","TDOC","3652","38.79","United States"
"222","Despegar","DESP","3577","8.3","Argentina"
"223","Snowflake","SNOW","3557","170.85","United States"
"224","Paysafe","PSFE","3500","2.29","United States"
"225","BlackBerry","BB","3497","6.9","Canada"
"226","Wolfspeed","WOLF","3466","88.2","United States"
"227","Qualtrics","XM","3455","13.34","United States"
"228","MakeMyTrip","MMYT","3256","31.97","India"
"229","MongoDB","MDB","3223","363.71","United States"
"230","Allegro.eu","ALE.WA","3159","5.55","Poland"
"231","Zscaler","ZS","3153","168.15","United States"
"232","Nemetschek","NEM.F","3139","73.74","Germany"
"233","Kakao","035720.KS","3107","63.09","South Korea"
"234","Blackbaud","BLKB","3100","57.1","United States"
"235","Cohu","COHU","3075","29.46","United States"
"236","Karooooo","KARO","2999","27.95","Singapore"
"237","Omnicell","OMCL","2970","109.47","United States"
"238","Grid Dynamics","GDYN","2884","19.5","United States"
"239","UiPath","PATH","2863","21.94","United States"
"240","Kulicke and Soffa Industries","KLIC","2854","47.07","Singapore"
"241","NortonLifeLock","NLOK","2800","24.17","United States"
"242","Coinbase","COIN","2781","98.02","United States"
"243","Criteo","CRTO","2781","26.5","France"
"244","Dynatrace","DT","2779","42.06","United States"
"245","Dropbox","DBX","2760","23.83","United States"
"246","IndiaMART","INDIAMART.NS","2724","56.41","India"
"247","Compass","COMP","2702","4.6","United States"
"248","Secureworks","SCWX","2696","9.9","United States"
"249","Elastic NV","ESTC","2626","87.8","United States"
"250","Coupa","COUP","2615","77.56","United States"
"251","Arista Networks","ANET","2613","124.71","United States"
"252","PowerSchool","PWSC","2605","15.46","United States"
"253","JD Health","6618.HK","2576","7.83","China"
"254","Accelya","ACCELYA.NS","2500","13.37","India"
"255","Corsair Gaming","CRSR","2490","16.7","United States"
"256","E2open","ETWO","2436","7.4","United States"
"257","OVH Groupe","OVH.PA","2435","15.9","France"
"258","Chegg","CHGG","2431","22.44","United States"
"259","Protolabs","PRLB","2408","46.58","United States"
"260","Oracle Corp Japan","4716.T","2407","63.02","Japan"
"261","Rapid7","RPD","2353","66.93","United States"
"262","Bottomline Technologies","EPAY","2344","56.99","United States"
"263","Smartsheet","SMAR","2332","36.11","United States"
"264","Thryv","THRY","2309","26.42","United States"
"265","tuya","TUYA","2258","1.83","China"
"266","CCC Intelligent Solutions","CCCS","2250","9.69","United States"
"267","Cloudflare","NET","2240","73.68","United States"
"268","Monolithic Power Systems","MPWR","2209","535.52","United States"
"269","Exclusive Networks","EXN.PA","2200","16.82","France"
"270","EVO Payments","EVOP","2200","33.45","United States"
"271","Vonage Holdings Corp.","VG","2198","20.99","United States"
"272","Datadog","DDOG","2185","112.98","United States"
"273","New Relic","NEWR","2168","67.17","United States"
"274","Materialise NV","MTLS","2163","13.42","Belgium"
"275","Sprinklr","CXM","2160","12.8","United States"
"276","Cigniti Technologies","CIGNITITEC.NS","2156","6.85","India"
"277","DeNA","2432.T","2100","14.11","Japan"
"278","Huya","HUYA","2075","3.16","China"
"279","Paycor","PYCR","2067","32.36","United States"
"280","MicroStrategy","MSTR","2057","330.01","United States"
"281","Stratasys","SSYS","2039","19.45","United States"
"282","Comtech Telecommunications","CMTL","2038","11.86","United States"
"283","Q2","QTWO","2024","45.04","United States"
"284","Cognyte Software","CGNT","2021","5.07","Israel"
"285","Computer Programs and Systems","CPSI","2000","30.45","United States"
"286","Himax","HIMX","2000","7.03","Taiwan"
"287","3D Systems","DDD","1995","13.24","United States"
"288","SoFi","SOFI","1977","7.98","United States"
"289","Box","BOX","1934","30.21","United States"
"290","Roku","ROKU","1925","83.6","United States"
"291","Procore","PCOR","1920","63.9","United States"
"292","WiseTech Global","WTC.AX","1900","36.92","Australia"
"293","AspenTech","AZPN","1897","207.55","United States"
"294","ThredUp","TDUP","1862","3","United States"
"295","Xperi","XPER","1850","16.41","United States"
"296","Nucleus Software Exports","NUCLEUS.NS","1840","5.25","India"
"297","Lightspeed POS","LSPD","1800","23.38","Canada"
"298","Appian","APPN","1798","55.25","United States"
"299","Newegg","NEGG","1789","3.83","United States"
"300","Alteryx","AYX","1786","62.98","United States"
"301","Guardforce AI","GFAI","1786","0.3","Singapore"
"302","Allied Motion Technologies","AMOT","1770","33.37","United States"
"303","Mimecast","MIME","1765","79.92","United Kingdom"
"304","Qualys","QLYS","1759","127.43","United States"
"305","Mercari","4385.T","1752","17.06","Japan"
"306","Overstock.com","OSTK","1750","31.92","United States"
"307","Datto","MSP","1743","35.18","United States"
"308","Photronics","PLAB","1728","24.14","United States"
"309","Varonis","VRNS","1719","31.11","United States"
"310","Remitly","RELY","1700","11.15","United States"
"311","Taboola.com","TBLA","1700","2.74","United States"
"312","Avast","AV2.F","1699","8.31","Czech Republic"
"313","New Work","NWO.F","1699","140.92","Germany"
"314","Payoneer","PAYO","1688","5.62","United States"
"315","Duck Creek Technologies","DCT","1653","14.14","United States"
"316","Zhihu","ZH","1651","1.32","China"
"317","HashiCorp","HCP","1650","39.67","United States"
"318","CarParts.com","PRTS","1649","8.97","United States"
"319","360 DigiTech","QFIN","1643","13.8","China"
"320","VTEX","VTEX","1624","4.93","United Kingdom"
"321","BE Semiconductor","BESI.AS","1615","54.49","Netherlands"
"322","Tabula Rasa HealthCare","TRHC","1614","5.17","United States"
"323","Darktrace","DARK.L","1605","458.63","United Kingdom"
"324","Ichor Systems","ICHR","1600","32.55","United States"
"325","Synchronoss","SNCR","1598","1.78","United States"
"326","Rimini Street","RMNI","1590","5.87","United States"
"327","Soitec","SOI.PA","1582","164.27","France"
"328","Kainos Group","KNOS.L","1569","1674.12","United Kingdom"
"329","ePlus","PLUS","1554","48.25","United States"
"330","Five9","FIVN","1549","116.87","United States"
"331","The Trade Desk","TTD","1545","54.97","United States"
"332","Gree","3632.T","1543","6.15","Japan"
"333","Softcat","SCT.L","1534","1721.22","United Kingdom"
"334","Razer","RAZFF","1526","0.27","United States"
"335","AvePoint","AVPT","1511","5.42","United States"
"336","TeamViewer","TMV.DE","1506","10.94","Germany"
"337","Genius Sports","GENI","1500","3.82","United Kingdom"
"338","AppLovin","APP","1500","40.14","United States"
"339","Jamf","JAMF","1496","26.7","United States"
"340","Krafton","259960.KS","1487","200.04","South Korea"
"341","Confluent","CFLT","1473","33.56","United States"
"342","COLOPL","3668.T","1449","5.13","Japan"
"343","Faro Technologies","FARO","1432","36.04","United States"
"344","Onto Innovation","ONTO","1411","85.11","United States"
"345","LendingTree","TREE","1407","47.03","United States"
"346","TuSimple","TSP","1400","9.53","United States"
"347","SailPoint","SAIL","1394","64.33","United States"
"348","Momentive Global","MNTV","1367","8.03","United States"
"349","Agilysys","AGYS","1350","50.31","United States"
"350","N-Able","NABL","1335","10.22","United States"
"351","Missfresh","MF","1335","0.17","China"
"352","GungHo Online Entertainment","3765.T","1335","19.2","Japan"
"353","LivePerson","LPSN","1327","16.57","United States"
"354","Futu Holdings","FUTU","1315","40.36","Hong Kong"
"355","Zeta Global","ZETA","1304","7.01","United States"
"356","GitLab","GTLB","1300","66.62","United States"
"357","ZOZO","3092.T","1297","23.77","Japan"
"358","KnowBe4","KNBE","1296","18.76","United States"
"359","Instructure Holdings","INST","1275","25","United States"
"360","Squarespace","SQSP","1256","23.05","United States"
"361","Snap One","SNPO","1255","12.6","United States"
"362","Harmonic","HLIT","1249","11.09","United States"
"363","trivago","TRVG","1247","1.73","Germany"
"364","Benefitfocus","BNFT","1200","7.35","United States"
"365","nLIGHT","LASR","1200","12.72","United States"
"366","Vertex","VERX","1200","12.68","United States"
"367","NeoPhotonics","NPTN","1200","16.01","United States"
"368","Carsales","CAR.AX","1200","14.78","Australia"
"369","LiveRamp","RAMP","1200","24.06","United States"
"370","Nordic Semiconductor","NOD.OL","1197","17.61","Norway"
"371","Zuora","ZUO","1190","9.63","United States"
"372","CD Projekt","CDR.WA","1177","19.91","Poland"
"373","Clearwater Analytics","CWAN","1174","14.65","United States"
"374","Mixi","2121.T","1168","17.62","Japan"
"375","Udemy","UDMY","1131","14.45","United States"
"376","nCino","NCNO","1115","37.24","United States"
"377","Doma","DOMA","1106","0.77","United States"
"378","Veeco","VECO","1091","21.97","United States"
"379","SentinelOne","S","1080","27.26","United States"
"380","Asana","ASAN","1080","26.58","United States"
"381","Revolve","RVLV","1078","29.84","United States"
"382","LegalZoom","LZ","1055","10.87","United States"
"383","GB Group (GBG)","GBG.L","1050","606.35","United Kingdom"
"384","Qudian","QD","1047","1.1","China"
"385","Cheetah Mobile","CMCM","1044","0.74","China"
"386","LendingClub","LC","1030","15.01","United States"
"387","Ceragon Networks","CRNT","1019","2.66","Israel"
"388","PAR Technology","PAR","1008","45.43","United States"
"389","Axcelis Technologies","ACLS","1004","75.5","United States"
"390","Porch Group","PRCH","1000","2.62","United States"
"391","Fastly","FSLY","992","12.04","United States"
"392","CalAmp","CAMP","983","5.03","United States"
"393","Model N","MODN","982","26.37","United States"
"394","Chindata","CD","981","7","China"
"395","MYT Netherlands Parent (Mytheresa)","MYTE","978","15.2","Germany"
"396","Quick Heal","QUICKHEAL.NS","972","2.65","India"
"397","Mister Spex","MRX.F","965","4.71","Germany"
"398","TechTarget","TTGT","940","69.54","United States"
"399","Weave Communications","WEAV","907","5.14","United States"
"400","Magnachip","MX","890","14.2","Luxembourg"
"401","ContextLogic (wish.com)","WISH","875","1.85","United States"
"402","Sema4","SMFR","872","2.03","United States"
"403","Nuvei","NVEI","869","42.06","Canada"
"404","gumi","3903.T","866","5.61","Japan"
"405","IronSource","IS","859","4.73","Israel"
"406","Lattice Semiconductor","LSCC","856","63.98","United States"
"407","Enphase Energy","ENPH","850","287.74","United States"
"408","Doximity","DOCS","850","40.61","United States"
"409","Certara","CERT","846","24.13","United States"
"410","WalkMe","WKME","840","11.38","Israel"
"411","Quantum","QMCO","827","1.95","United States"
"412","Phreesia","PHR","827","25.8","United States"
"413","ForgeRock","FORG","814","22.62","United States"
"414","BigCommerce","BIGC","813","19.74","United States"
"415","American Well","AMWL","812","5.16","United States"
"416","Upland Software","UPLD","810","11.78","United States"
"417","Ambarella","AMBA","806","88.39","United States"
"418","Onion Global","OG","796","0.82","China"
"419","Fiverr","FVRR","787","42.58","Israel"
"420","DigitalOcean","DOCN","786","47.87","United States"
"421","Telos","TLS","785","8.82","United States"
"422","UP Fintech (Tiger Brokers)","TIGR","785","3.59","China"
"423","NETGEAR","NTGR","780","25.29","United States"
"424","Coursera","COUR","779","13.5","United States"
"425","Power Integrations","POWI","773","81.36","United States"
"426","EngageSmart","ESMT","773","21.41","United States"
"427","Méliuz","CASH3.SA","769","0.26","Brazil"
"428","Monotaro","3064.T","765","19.04","Japan"
"429","Cellebrite","CLBT","765","5.6","Israel"
"430","Sumo Logic","SUMO","759","8.28","United States"
"431","Domo","DOMO","756","33.57","United States"
"432","Intapp","INTA","749","15.94","United States"
"433","Frontier Developments","FDEV.L","745","1864.96","United Kingdom"
"434","Paradox Interactive","PDX.ST","742","16.88","Sweden"
"435","A10 Networks","ATEN","740","15.55","United States"
"436","secunet","YSN.F","730","296.22","Germany"
"437","ChannelAdvisor","ECOM","725","15.44","United States"
"438","monday.com","MNDY","705","150.53","Israel"
"439","Sprout Social","SPT","700","64.26","United States"
"440","Jfrog","FROG","700","25.17","United States"
"441","Nacon","NACON.PA","700","5.12","France"
"442","Marqeta","MQ","696","10.91","United States"
"443","NerdWallet","NRDS","675","9.81","United States"
"444","Nexters","GDEV","661","6.38","Cyprus"
"445","Digi International","DGII","659","33.53","United States"
"446","Geospace Technologies","GEOS","649","4.96","United States"
"447","Couchbase","BASE","644","18.29","United States"
"448","Infibeam Avenues","INFIBEAM.NS","640","0.19","India"
"449","DoubleVerify","DV","633","26.54","United States"
"450","QuinStreet","QNST","614","11.89","United States"
"451","Liquidity Services","LQDT","614","19.17","United States"
"452","Atoss","AOF.F","612","158.05","Germany"
"453","Alkami Technology","ALKT","609","14.93","United States"
"454","Trainline","TRN.L","600","472.28","United Kingdom"
"455","Xunlei","XNET","595","1.65","China"
"456","Marvelous","7844.T","582","5.11","Japan"
"457","Blend Labs","BLND","577","3.23","United States"
"458","The Original BARK Company","BARK","570","1.75","United States"
"459","Lemonade","LMND","567","25.11","United States"
"460","Spok Holdings","SPOK","563","6.88","United States"
"461","eGain","EGAN","563","9.52","United States"
"462","Poshmark","POSH","558","12.69","United States"
"463","Upstart","UPST","554","32.27","United States"
"464","Repay Holdings","RPAY","552","13.59","United States"
"465","Cian","CIAN","551","3.4","Russia"
"466","PubMatic","PUBM","548","17.76","United States"
"467","Pushpay Holdings","PPH.NZ","547","0.84","New Zealand"
"468","ON24","ONTF","547","10.43","United States"
"469","Tufin","TUFN","533","12.41","Israel"
"470","dLocal","DLO","532","31.3","Uruguay"
"471","Nerdy","NRDY","530","2.93","United States"
"472","Lasertec","6920.T","529","159.57","Japan"
"473","VIZIO","VZIO","527","10.64","United States"
"474","Bird Global","BRDS","519","0.67","United States"
"475","SciPlay","SCPL","511","12.51","United States"
"476","KORE","KORE","502","2.73","United States"
"477","Luminar Technologies","LAZR","500","7.91","United States"
"478","Qt Group","QTCOM.HE","496","63.61","Finland"
"479","Docebo","DCBO","488","35.93","Canada"
"480","Priority Technology Holdings","PRTH","472","4.9","United States"
"481","Asure Software","ASUR","471","5.18","United States"
"482","Mitek Systems","MITK","435","11.26","United States"
"483","Olo","OLO","433","13.23","United States"
"484","Flywire","FLYW","433","24.18","United States"
"485","American Software","AMSWA","424","18.08","United States"
"486","PDF Solutions","PDFS","423","26.96","United States"
"487","Perion Network","PERI","417","20.97","Israel"
"488","Iteris","ITI","415","2.97","United States"
"489","SOPHiA GENETICS","SOPH","415","5.1","Switzerland"
"490","WM Technology","MAPS","412","3.57","United States"
"491","Appirits","4174.T","411","6.89","Japan"
"492","CEVA","CEVA","404","37.7","United States"
"493","Hippo","HIPO","392","0.84","United States"
"494","Drecom","3793.T","384","5.47","Japan"
"495","Yalla Group","YALA","374","4.61","United Arab Emirates"
"496","Innoviz","INVZ","369","5.24","Israel"
"497","ANI Pharmaceuticals","ANIP","369","34.87","United States"
"498","geechs","7060.T","357","6.96","Japan"
"499","Markforged","MKFG","350","2.76","United States"
"500","Shift Technologies","SFT","350","1.53","United States"
"501","Arlo Technologies","ARLO","346","7.44","United States"
"502","O2Micro","OIIM","344","3.36","Cayman Islands"
"503","CS Disco","LAW","336","28","United States"
"504","MSTC Limited","MSTCLTD.NS","335","3.16","India"
"505","Spire Global","SPIR","331","1.53","United States"
"506","Digital Bros","DIB.MI","330","29.45","Italy"
"507","Identiv","INVE","326","15.58","United States"
"508","Renren","RENN","324","28.84","China"
"509","Bakkt Holdings","BKKT","324","3.25","United States"
"510","OPTiM","3694.T","316","6.64","Japan"
"511","American Virtual Cloud","AVCT","316","0.17","United States"
"512","SmartRent","SMRT","316","5.46","United States"
"513","Velodyne Lidar","VLDR","309","1.27","United States"
"514","Lantronix","LTRX","299","7.32","United States"
"515","IronNet","IRNT","296","2.58","United States"
"516","Global-e","GLBE","289","27.84","Israel"
"517","Cemtrex","CETX","284","0.33","United States"
"518","DoubleDown Interactive","DDI","281","10.54","United States"
"519","People Can Fly","PCF.WA","281","10.82","Poland"
"520","Digital Turbine","APPS","280","23.7","United States"
"521","SiTime","SITM","279","143.28","United States"
"522","Gravity Co.","GRVY","279","50.19","South Korea"
"523","Ouster","OUST","278","1.74","United States"
"524","Skillz","SKLZ","277","1.72","United States"
"525","AdTheorent","ADTH","272","3.14","United States"
"526","Valens Semiconductor","VLN","270","3.87","Israel"
"527","Team17","TM17.L","262","543.54","United Kingdom"
"528","Smith Micro Software","SMSI","255","3.07","United States"
"529","Rover","ROVR","246","3.85","United States"
"530","Backblaze","BLZE","243","6.96","United States"
"531","Matterport","MTTR","221","5.13","United States"
"532","1-800-PetMeds","PETS","219","21.99","United States"
"533","Mynaric","MYNA","214","8.2","Germany"
"534","Latch","LTCH","214","1.13","United States"
"535","Digimarc","DMRC","203","18.55","United States"
"536","Rockley Photonics","RKLY","202","2.05","United Kingdom"
"537","Pareteum Corporation","TEUM","199","0","United States"
"538","11 bit studios","11B.WA","192","111.36","Poland"
"539","Inpixon","INPX","184","0.16","United States"
"540","CyberOptics","CYBE","183","53.03","United States"
"541","AST SpaceMobile","ASTS","183","7.55","United States"
"542","Hims &amp; Hers Health","HIMS","181","6.67","United States"
"543","Embark Technology","EMBK","174","0.54","United States"
"544","Bytes Technology","BYIT.L","166","533.4","United Kingdom"
"545","TANLA","TANLA.NS","162","9.05","India"
"546","Marin Software","MRIN","162","1.95","United States"
"547","ShotSpotter","SSTI","157","33.16","United States"
"548","Pintec Technology","PT","157","1.14","China"
"549","CI Games","CI7.F","156","0.38","Poland"
"550","SeaChange","SEAC","150","0.6","United States"
"551","Navitas Semiconductor","NVTS","150","4.94","Ireland"
"552","Focus Home Interactive","ALFOC.PA","146","46.09","France"
"553","BitNile","NILE","144","0.34","United States"
"554","stem","STEM","143","14.84","United States"
"555","Expensify","EXFY","142","21.67","United States"
"556","Starbreeze","STAR-B.ST","138","0.09","Sweden"
"557","Simulations Plus","SLP","135","65.61","United States"
"558","SOS Limited","SOS","125","9.91","China"
"559","MediaAlpha","MAX","117","9.34","United States"
"560","Rekor Systems","REKR","108","1.86","United States"
"561","The9","NCTY","105","1.55","China"
"562","Arbe Robotics","ARBE","105","6.14","Israel"
"563","enish","3667.T","100","3.09","Japan"
"564","Vuzix","VUZI","99","8.87","United States"
"565","Velo3D","VLD","99","3.64","United States"
"566","Nano Dimension","NNDM","92","3.38","United States"
"567","Grom Social Enterprises","GROM","89","0.4","United States"
"568","CleanSpark","CLSK","86","4.94","United States"
"569","Aehr Test Systems","AEHR","79","14.94","United States"
"570","Remark Holdings","MARK","77","0.47","United States"
"571","Arqit Quantum","ARQQ","74","5.74","United Kingdom"
"572","Paysign","PAYS","70","2.15","United States"
"573","Park City Group","PCYG","70","5.4","United States"
"574","AEye","LIDR","69","2.46","United States"
"575","Compugen","CGEN","68","1.48","Israel"
"576","Trust Stamp","IDAI","67","1.45","United States"
"577","IonQ","IONQ","66","6.13","United States"
"578","Tricida","TCDA","64","10.8","United States"
"579","Cerberus Cyber Sentinel","CISO","61","3.42","United States"
"580","Foresight Autonomous Holdings","FRSX","59","0.69","Israel"
"581","Phunware","PHUN","58","1.71","United States"
"582","Energous","WATT","54","1.38","United States"
"583","Microvision","MVIS","52","5.47","United States"
"584","ReWalk Robotics","RWLK","49","1.05","Israel"
"585","Quicklogic","QUIK","48","7.93","United States"
"586","Super League Gaming","SLGG","47","1.03","United States"
"587","BrainChip","BRN.AX","42","0.79","Australia"
"588","Ekso Bionics","EKSO","39","2.04","United States"
"589","Iris Energy","IREN","39","5.43","Australia"
"590","Intellicheck","IDN","37","2.61","United States"
"591","Greenidge Generation Holdings","GREE","36","3.83","United States"
"592","BIO-key International","BKYI","34","2.03","United States"
"593","Sphere 3D","ANY","32","0.72","Canada"
"594","Hut 8 Mining","HUT","30","2.5","Canada"
"595","ATARI","ATA.PA","26","0.15","France"
"596","OLB Group","OLB","24","1.62","United States"
"597","Focus Universal","FCUV","21","15.61","United States"
"598","HIVE Blockchain Technologies","HIVE","19","5.53","Canada"
"599","Lightwave Logic","LWLG","19","10.28","United States"
"600","IMTE","IMTE","15","1.83","Australia"
"601","Vinco Ventures","BBIG","15","0.71","United States"
"602","Red Cat Holdings","RCAT","14","2.08","United States"
"603","AgEagle Aerial Systems","UAVS","10","0.72","United States"
"604","Riot Blockchain","RIOT","8","8.71","United States"
"605","Blackboxstocks","BLBX","7","1.3","United States"
"606","Bit Digital","BTBT","6","1.62","United States"
"607","TeraWulf","WULF","5","1.59","United States"
"608","Jump Networks","JUMPNET.NS","3","0.12","India"
"609","Marathon Digital Holdings","MARA","3","14.43","United States"
"610","AppTech Payments","APCX","3","0.75","United States"
"611","Samsung","005930.KS","0","46.78","South Korea"
"612","Wix.com","WIX","0","72.48","Israel"
"613","Yandex","YNDX.ME","0","33.05","Netherlands"
"614","Acer","2353.TW","0","0.75","Taiwan"
"615","Realtek","2379.TW","0","11.64","Taiwan"
"616","RingCentral","RNG","0","52.15","United States"
"617","Citrix Systems","CTXS","0","102.29","United States"
"618","Descartes Systems","DSGX","0","72.57","Canada"
"619","Palantir","PLTR","0","9.82","United States"
"620","Silicom","SILC","0","41.7","Israel"
"621","Opera","OPRA","0","5.18","Norway"
"622","Locaweb","LWSA3.SA","0","1.7","Brazil"
"623","Advantech","2395.TW","0","11.54","Taiwan"
"624","Pixelworks","PXLW","0","2.42","United States"
"625","LG Electronics","LGLG.F","0","18.25","South Korea"
"626","ServiceSource","SREV","0","1.5","United States"
"627","Verb Technology","VERB","0","0.57","United States"
"628","MediaTek","2454.TW","0","23.62","Taiwan"
"629","AMEC","688012.SS","0","21.47","China"
"630","ASM International","ASM.AS","0","304.88","Netherlands"
"631","SolarWinds","SWI","0","9.83","United States"
"632","Donnelley Financial Solutions","DFIN","0","42.63","United States"
"633","Robinhood","HOOD","0","10.68","United States"
"634","Talkspace","TALK","0","1.75","United States"
"635","EverCommerce","EVCM","0","12.63","United States"
"636","Adobe","ADBE","0","434.34","United States"
"637","Dassault Systèmes","DSY.PA","0","43.45","France"
"638","Trend Micro","4704.T","0","55.98","Japan"
"639","Check Point Software","CHKP","0","120.3","Israel"
"640","Anaplan","PLAN","0","63.73","United States"
"641","Tenable","TENB","0","43.28","United States"
"642","Constellation Software","CSU.TO","0","1667.35","Canada"
"643","Tyler Technologies","TYL","0","414.07","United States"
"644","Teradata","TDC","0","35.16","United States"
"645","ZoomInfo","ZI","0","48","United States"
"646","Avalara","AVLR","0","91.86","United States"
"647","HubSpot","HUBS","0","385.22","United States"
"648","Veritone","VERI","0","9.55","United States"
"649","Bitfarms","BITF","0","1.69","Canada"
"650","ASUS","2357.TW","0","9.44","Taiwan"
"651","Canaan","CAN","0","3.98","China"
"652","Foxconn (Hon Hai Precision Industry)","2317.TW","0","3.6","Taiwan"
"653","Delta Electronics","2308.TW","0","8.81","Taiwan"
"654","Keyence","6861.T","0","410.97","Japan"
"655","Schneider Electric","SU.PA","0","134.99","France"
"656","Adyen","ADYEN.AS","0","1855.82","Netherlands"
"657","Tokyo Electron","8035.T","0","368.02","Japan"
"658","Murata Manufacturing (Murata Seisakusho)","6981.T","0","57.59","Japan"
"659","Sierra Wireless","SWIR","0","30.53","Canada"
"660","Nan Ya PCB","8046.TW","0","8.21","Taiwan"
"661","Formosa Sumco Technology","3532.TW","0","5.81","Taiwan"
"662","Nanya Technology","2408.TW","0","1.77","Taiwan"
"663","Align Technology","ALGN","0","293.06","United States"
"664","NCsoft","036570.KS","0","298.91","South Korea"
"665","Etsy","ETSY","0","111.98","United States"
"666","Natural Health Trends","NHTC","0","5.65","United States"
"667","Schibsted","SCHA.OL","0","19.15","Norway"
"668","The RealReal","REAL","0","3.61","United States"
"669","PlayWay","6P5.F","0","71.07","Poland"
"670","Silergy","6415.TW","0","19.19","China"
"671","BIT Mining (500.com)","BTCM","0","0.73","China"
"672","Riskified","RSKD","0","5.36","Israel"
"673","Aterian","ATER","0","2.98","United States"
"674","Paya","PAYA","0","7.25","United States"
"675","Semrush","SEMR","0","13.73","United States"
"676","UpHealth","UPH","0","0.7","United States"
"677","SPS Commerce","SPSC","0","130.3","United States"
"678","Meituan","3690.HK","0","22.88","China"
"679","Toast","TOST","0","17.64","United States"
"680","Triterras","TRIRF","0","1","Singapore"
"681","Versus Systems","VS","0","0.4","Canada"
"682","Sylogist","SYZ.TO","0","5.61","Canada"
"683","Kakao Pay","377300.KS","0","54.47","South Korea"
"684","Kidpik","PIK","0","2.09","United States"
"685","Arteris","AIP","0","8.89","United States"
"686","GlobalFoundries","GFS","0","59.19","United States"
"687","Cyngn","CYN","0","1.27","United States"
"688","Stronghold Digital Mining","SDIG","0","2.83","United States"
"689","BlackSky Technology","BKSY","0","2.7","United States"
"690","OneConnect","OCFT","0","1.33","China"
"691","CyberArk","CYBR","0","137.75","Israel"
"692","Braze","BRZE","0","49.22","United States"
"693","UserTesting","USER","0","4.7","United States"
"694","Novatek Microelectronics","3034.TW","0","8.54","Taiwan"
"695","GlobalWafers","6488.TWO","0","15.79","Taiwan"
"696","Unimicron","3037.TW","0","5.1","Taiwan"
"697","Marpai","MRAI","0","0.88","United States"
"698","Winc","WBEV","0","1.64","United States"
"699","Advanced Human Imaging","AHI","0","0.51","Australia"
"700","Nykaa","NYKAA.NS","0","17.79","India"
"701","23andMe","ME","0","3.98","United States"
"702","ZipRecruiter","ZIP","0","20.11","United States"
"703","Similarweb","SMWB","0","8.6","Israel"
"704","Skillsoft","SKIL","0","4.15","United States"
"705","Cazoo","CZOO","0","0.96","United Kingdom"
"706","C3 AI","AI","0","22.17","United States"
"707","Samsara","IOT","0","16.48","United States"
"708","Silicon Motion","SIMO","0","82.56","Hong Kong"
"709","Nextdoor","KIND","0","3.87","United States"
"710","Vimeo","VMEO","0","7.21","United States"
"711","Justworks","JW","0","0","United States"
"712","Core Scientific","CORZ","0","2.99","United States"
"713","Credo Technology","CRDO","0","15.79","United States"
"714","Dave Inc.","DAVE","0","0.72","United States"
"715","Babylon Holdings","BBLN","0","0.98","United Kingdom"
"716","Nexon","3659.T","0","22.25","Japan"
"717","Exscientia","EXAI","0","11.58","United Kingdom"
"718","Aeva Technologies","AEVA","0","4.46","United States"
"719","Grab Holdings","GRAB","0","3.74","Singapore"
"720","Sterling Check","STER","0","19.89","United States"
"721","Mandiant","MNDT","0","22.78","United States"
"722","Vacasa","VCSA","0","3","United States"
"723","Just Eat Takeaway","TKWY.AS","0","18.46","Netherlands"
"724","Neowiz Games","095660.KQ","0","22.47","South Korea"
"725","Webzen","069080.KQ","0","15.23","South Korea"
"726","Wemade","112040.KQ","0","55.4","South Korea"
"727","Com2uS","078340.KQ","0","64.78","South Korea"
"728","Wiwynn","6669.TW","0","23.68","Taiwan"
"729","Amplitude","AMPL","0","18.46","United States"
"730","Pearl Abyss","263750.KQ","0","46.93","South Korea"
"731","SkyWater Technology","SKYT","0","17.63","United States"
"732","KLab","3656.T","0","3.28","Japan"
"733","PB Fintech","POLICYBZR.NS","0","7","India"
"734","WonderPlanet","4199.T","0","14.9","Japan"
"735","MapmyIndia","MAPMYINDIA.NS","0","16.93","India"
"736","Aurora Innovation","AUR","0","2.59","United States"
"737","Allied Tecnologia","ALLD3.SA","0","2.29","Brazil"
"738","Wejo Group","WEJO","0","1.72","United Kingdom"
"739","Rigetti Computing","RGTI","0","4.55","United States"
"740","Rail Vision","RVSN","0","1.04","Israel"
"741","System1","SST","0","8.72","United States"
"742","GoTo","GOTO.JK","0","0.02","Indonesia"
"743","Voyager Digital","VOYG.TO","0","0.26","United States"
"744","Applied Blockchain","APLD","0","2.19","United States"
"745","Nokia","NOK","0","5.2","Finland"
"746","Autohome","ATHM","0","36.18","China"
"747","Cvent","CVT","0","6.3","United States"
"748","Forge Global","FRGE","0","4.76","United States"
"749","SIGNA Sports United","SSU","0","5.91","Germany"
"750","Cyxtera Technologies","CYXT","0","12.33","United States"
"751","AvidXchange","AVDX","0","8.4","United States"
"752","Bukalapak.com","BUKA.JK","0","0.02","Indonesia"
"753","Nazara Technologies","NAZARA.NS","0","8.34","India"
"754","Xero","XRO.AX","0","65.67","New Zealand"
"755","Ocado","OCDO.L","0","1076.46","United Kingdom"
"756","Spirent","SPT.L","0","335.79","United Kingdom"
"757","Cepton","CPTN","0","1.83","United States"
"758","LiveChat Software","LVC.WA","0","21.79","Poland"
"759","Wirtualna Polska (WP Holding)","WPL.WA","0","22.79","Poland"
"760","indie Semiconductor","INDI","0","7.52","United States"
"761","Playstudios","MYPS","0","3.73","United States"
"762","Amadeus IT Group","AMS.MC","0","56.35","Spain"
"763","Pear Therapeutics","PEAR","0","1.95","United States"
"764","NextNav","NN","0","3.11","United States"
"765","Ubisoft","UBI.PA","0","47.18","France"
"766","Quanergy Systems","QNGY","0","0.45","United States"
"767","M3, Inc","2413.T","0","34.2","Japan"
"768","EaseMyTrip","EASEMYTRIP.NS","0","5.21","India"
"769","Sohu.com","SOHU","0","17.27","China"
"770","NEXTDC","NXT.AX","0","8.23","Australia"
"771","Appen","APX.AX","0","3.48","Australia"
"772","Troops","TROO","0","2.58","Hong Kong"
"773","Kinaxis","KXS.TO","0","126.28","Canada"
"774","Topicus","TOI.V","0","62.25","Canada"
"775","SaverOne 2014","SVRE","0","2.51","Israel"
"776","Meta Platforms (Facebook)","META","0","170.25","United States"
"777","Cryptyde","TYDE","0","1.09","United States"
"778","G Medical Innovations","GMVD","0","0.39","Israel"
"779","Swvl Holdings","SWVL","0","1.73","United Arab Emirates"
"780","Getnet","GET","0","1.75","Brazil"
"781","UCT (Ultra Clean Holdings)","UCTT","0","33.51","United States"
"782","ChipMOS Technologies","IMOS","0","23.23","Taiwan"
"783","Nano Labs","NA","0","6.34","China"
"784","Netcapital","NCPL","0","3.64","United States"
"785","AMTD Digital","HKD","0","405","Hong Kong"
"786","SoundHound AI","SOUN","0","3.51","United States"
"787","Cipher Mining","CIFR","0","2.12","United States"
"788","Tucows","TCX","0","46.88","Canada"
"789","Pagaya Technologies","PGY","0","20.94","Israel"
"790","Nippon Ichi Software","3851.T","0","11.29","Japan"
"791","ACM Research","ACMR","0","18.88","United States"
"792","Scienjoy","SJ","0","4.47","China"
