"Rank","Name","Symbol","marketcap","price (USD)","country"
"1","Apple","AAPL","2649592692736","164.87","United States"
"2","Microsoft","MSFT","2090595778560","280.32","United States"
"3","Alphabet (Google)","GOOG","1535855427584","118.14","United States"
"4","Amazon","AMZN","1420253331456","139.41","United States"
"5","Tesla","TSLA","910032830464","871.27","United States"
"6","Meta Platforms (Facebook)","META","457555378176","170.25","United States"
"7","TSMC","TSM","456056832000","87.94","Taiwan"
"8","NVIDIA","NVDA","443401535488","177.93","United States"
"9","Tencent","TCEHY","370131927040","37.81","China"
"10","Samsung","005930.KS","314624444222","46.78","South Korea"
"11","Alibaba","BABA","246053748736","90.84","China"
"12","ASML","ASML","230621790208","572.75","Netherlands"
"13","Broadcom","AVGO","220927655936","545.53","United States"
"14","Oracle","ORCL","203787206656","76.47","United States"
"15","Adobe","ADBE","203271110656","434.34","United States"
"16","Salesforce","CRM","188801253376","189.75","United States"
"17","Cisco","CSCO","186426015744","45.02","United States"
"18","Texas Instruments","TXN","167025639424","182.8","United States"
"19","QUALCOMM","QCOM","165990629376","147.81","United States"
"20","AMD","AMD","161544994816","100.07","United States"
"21","Intel","INTC","145270276096","35.38","United States"
"22","Meituan","3690.HK","141570036296","22.88","China"
"23","Intuit","INTU","131662258176","466.76","United States"
"24","IBM","IBM","118860996608","132.61","United States"
"25","PayPal","PYPL","111322767360","96.26","United States"
"26","SAP","SAP","110328373248","94.33","Germany"
"27","Sony","SONY","107058003968","84.83","Japan"
"28","Netflix","NFLX","103834402816","233.49","United States"
"29","Automatic Data Processing","ADP","103301677056","248.61","United States"
"30","ServiceNow","NOW","99979902976","494.95","United States"
"31","Keyence","6861.T","99670432691","410.97","Japan"
"32","Applied Materials","AMAT","93806387200","107.83","United States"
"33","Jingdong Mall","JD","92801859584","58.84","China"
"34","Analog Devices","ADI","91413086208","175.86","United States"
"35","Booking.com","BKNG","77657391104","1955.8","United States"
"36","Schneider Electric","SU.PA","76339140483","134.99","France"
"37","AMTD Digital","HKD","74943217664","405","Hong Kong"
"38","Airbnb","ABNB","74066771968","115.82","United States"
"39","Atlassian","TEAM","70811598848","279.35","Australia"
"40","Lam Research","LRCX","69794250752","509.54","United States"
"41","Micron Technology","MU","67788566528","61.45","United States"
"42","Fiserv","FISV","67149922304","104.99","United States"
"43","Equinix","EQIX","63481237504","697.02","United States"
"44","Activision Blizzard","ATVI","63366868992","81","United States"
"45","Uber","UBER","63060451328","31.85","United States"
"46","Pinduoduo","PDD","60273471488","47.67","China"
"47","Fidelity National Information Services","FIS","59630583808","98.08","United States"
"48","NetEase","NTES","58757148672","89.46","China"
"49","Adyen","ADYEN.AS","57480044670","1855.82","Netherlands"
"50","Tokyo Electron","8035.T","57319121304","368.02","Japan"
"51","Synopsys","SNPS","56915550208","372.07","United States"
"52","Dassault Systèmes","DSY.PA","56647053509","43.45","France"
"53","KLA","KLAC","55316508672","387.68","United States"
"54","Snowflake","SNOW","54347386880","170.85","United States"
"55","MercadoLibre","MELI","51599667200","1024.25","Argentina"
"56","SK Hynix","000660.KS","50949652967","74.09","South Korea"
"57","Cadence Design Systems","CDNS","50482458624","184.33","United States"
"58","Block","SQ","50461585408","85.5","United States"
"59","Shopify","SHOP","50443472896","39.77","Canada"
"60","Palo Alto Networks","PANW","50264338432","501.07","United States"
"61","Foxconn (Hon Hai Precision Industry)","2317.TW","49864833908","3.6","Taiwan"
"62","Nintendo","7974.T","49750928527","427.33","Japan"
"63","Vmware","VMW","49397567488","117.21","United States"
"64","Sea (Garena)","SE","48051068928","85.54","Singapore"
"65","Baidu","BIDU","48026714112","136.4","China"
"66","Autodesk","ADSK","47949758464","220.69","United States"
"67","NXP Semiconductors","NXPI","47257137152","179.96","Netherlands"
"68","Marvell Technology Group","MRVL","47245942784","55.59","United States"
"69","Roper Technologies","ROP","45691371520","431.01","United States"
"70","CrowdStrike","CRWD","43982286848","189.52","United States"
"71","IQVIA","IQV","43579461632","233.66","United States"
"72","Fortinet","FTNT","42796552192","53.32","United States"
"73","TE Connectivity","TEL","42512998400","132.92","Switzerland"
"74","Workday","WDAY","42367201280","166.8","United States"
"75","Kuaishou Technology","1024.HK","42269839603","9.85","China"
"76","Xiaomi","XIACF","39339900928","1.5","China"
"77","Microchip Technology","MCHP","39171112960","70.9","United States"
"78","Enphase Energy","ENPH","38976393216","287.74","United States"
"79","Arista Networks","ANET","38323384320","124.71","United States"
"80","MediaTek","2454.TW","37578512174","23.62","Taiwan"
"81","Electronic Arts","EA","36603052032","131.05","United States"
"82","Infineon","IFX.DE","36572927974","28.09","Germany"
"83","Murata Manufacturing (Murata Seisakusho)","6981.T","36538833364","57.59","Japan"
"84","Global Payments","GPN","35845492736","129.33","United States"
"85","Datadog","DDOG","35590619136","112.98","United States"
"86","Constellation Software","CSU.TO","35333615137","1667.35","Canada"
"87","STMicroelectronics","STM","35329400832","38.24","Switzerland"
"88","Veeva Systems","VEEV","34942775296","225.66","United States"
"89","HP","HPQ","34591985664","33.45","United States"
"90","Zoom","ZM","34235889664","114.74","United States"
"91","Coupang","CPNG","33838655488","19.2","South Korea"
"92","Dell","DELL","33611094016","45.45","United States"
"93","Twitter","TWTR","32859662336","42.94","United States"
"94","GlobalFoundries","GFS","31947681792","59.19","United States"
"95","Keysight","KEYS","29910624256","166.22","United States"
"96","Naver","035420.KS","29821784912","198.89","South Korea"
"97","Nokia","NOK","29218332672","5.2","Finland"
"98","ON Semiconductor","ON","29174110208","67.34","United States"
"99","CoStar Group","CSGP","28852803584","72.87","United States"
"100","Kakao","035720.KS","27463722015","63.09","South Korea"
"101","Wolters Kluwer","WOSB.F","27391426760","106.76","Netherlands"
"102","The Trade Desk","TTD","26733340672","54.97","United States"
"103","eBay","EBAY","26654076928","47.61","United States"
"104","DoorDash","DASH","26533423104","75.54","United States"
"105","Coinbase","COIN","25671436288","98.02","United States"
"106","Canon","CAJ","25558022144","24.81","Japan"
"107","Amadeus IT Group","AMS.MC","25350347401","56.35","Spain"
"108","Ericsson","ERIC","25305108480","7.55","Sweden"
"109","Monolithic Power Systems","MPWR","25055375360","535.52","United States"
"110","SMIC","MKN2.F","24955254851","2.19","China"
"111","JD Health","6618.HK","24902078671","7.83","China"
"112","MongoDB","MDB","24774105088","363.71","United States"
"113","Ansys","ANSS","24609968128","282.65","United States"
"114","Cloudflare","NET","24127252480","73.68","United States"
"115","Zscaler","ZS","23854264320","168.15","United States"
"116","M3, Inc","2413.T","23219432443","34.2","Japan"
"117","Align Technology","ALGN","23094740992","293.06","United States"
"118","Spotify","SPOT","23061282816","119.7","Sweden"
"119","Delta Electronics","2308.TW","22884863296","8.81","Taiwan"
"120","GoTo","GOTO.JK","22206318597","0.02","Indonesia"
"121","Paycom","PAYC","22089076736","367.99","United States"
"122","Take 2 Interactive","TTWO","20896032768","125.51","United States"
"123","Palantir","PLTR","20097513472","9.82","United States"
"124","Chewy","CHWY","20067160064","47.71","United States"
"125","Panasonic","6752.T","19383488428","8.3","Japan"
"126","ZoomInfo","ZI","19365216256","48","United States"
"127","Nexon","3659.T","19255657145","22.25","Japan"
"128","Hewlett Packard Enterprise","HPE","18710351872","14.4","United States"
"129","HubSpot","HUBS","18497955840","385.22","United States"
"130","Splunk","SPLK","18194573312","113.08","United States"
"131","Skyworks Solutions","SWKS","18044631040","112.13","United States"
"132","Renesas Electronics","6723.T","17538112803","9.83","Japan"
"133","United Microelectronics","UMC","17295775744","6.86","Taiwan"
"134","Tyler Technologies","TYL","17217652736","414.07","United States"
"135","Snap","SNAP","17165776896","10.41","United States"
"136","Zebra Technologies","ZBRA","17107239936","330.32","United States"
"137","Trimble","TRMB","17069689856","68.24","United States"
"138","Seagate Technology","STX","17026800640","81.08","Ireland"
"139","Okta","OKTA","16917065728","107.22","United States"
"140","Trip.com","TCOM","16675266560","25.42","China"
"141","Expedia Group","EXPE","16603568128","105.38","United States"
"142","Bandai Namco","7832.T","16321498837","74.2","Japan"
"143","FactSet","FDS","16086258688","423.55","United States"
"144","NetApp","NTAP","15963748352","72.65","United States"
"145","Twilio","TWLO","15711601664","86.48","United States"
"146","Akamai","AKAM","15450194944","96.38","United States"
"147","SS&C Technologies","SSNC","15416322048","60.45","United States"
"148","Entegris","ENTG","15411815424","103.46","United States"
"149","Jack Henry &amp; Associates","JKHY","15368738816","210.93","United States"
"150","AppLovin","APP","15174766592","40.14","United States"
"151","Check Point Software","CHKP","15086943232","120.3","Israel"
"152","DocuSign","DOCU","14859838464","74.32","United States"
"153","ASM International","ASM.AS","14842223750","304.88","Netherlands"
"154","Unity Software","U","14833753088","49.76","United States"
"155","Paylocity","PCTY","14416423936","260.8","United States"
"156","Lasertec","6920.T","14390056346","159.57","Japan"
"157","Grab Holdings","GRAB","14360104960","3.74","Singapore"
"158","NICE","NICE","14227266560","223.94","Israel"
"159","Etsy","ETSY","14177676288","111.98","United States"
"160","DiDi","DIDIY","14045165568","2.89","China"
"161","PTC","PTC","13958746112","119.33","United States"
"162","NortonLifeLock","NLOK","13809916928","24.17","United States"
"163","Pagaya Technologies","PGY","13692958720","20.94","Israel"
"164","Leidos","LDOS","13428806656","98.35","United States"
"165","AMEC","688012.SS","13227723913","21.47","China"
"166","LG Electronics","LGLG.F","13141560958","18.25","South Korea"
"167","Citrix Systems","CTXS","12979066880","102.29","United States"
"168","ASE Group","ASX","12978823168","6.06","Taiwan"
"169","Delivery Hero","DHER.F","12909787376","50.73","Germany"
"170","AspenTech","AZPN","12903113728","207.55","United States"
"171","GoDaddy","GDDY","12831864832","79.33","United States"
"172","FICO","FICO","12369684480","489.84","United States"
"173","Dynatrace","DT","12085520384","42.06","United States"
"174","WiseTech Global","WTC.AX","12050021399","36.92","Australia"
"175","UiPath","PATH","11951421440","21.94","United States"
"176","Bentley Systems","BSY","11711260672","40.73","United States"
"177","Roku","ROKU","11530863616","83.6","United States"
"178","Lumen","LUMN","11357680640","10.97","United States"
"179","Yonyou","600588.SS","11074046445","3.22","China"
"180","Qorvo","QRVO","11039665152","106.43","United States"
"181","Lenovo","0992.HK","10922441593","0.91","Hong Kong"
"182","Wolfspeed","WOLF","10904606720","88.2","United States"
"183","OpenText","OTEX","10635295744","39.24","Canada"
"184","Adevinta","ADE.OL","10368655124","8.12","Norway"
"185","F5 Networks","FFIV","10175142912","170.85","United States"
"186","Ceridian","CDAY","10101761024","66","United States"
"187","Xero","XRO.AX","9942002051","65.67","New Zealand"
"188","NEC Corp","6701.T","9866866318","36.21","Japan"
"189","GitLab","GTLB","9839774720","66.62","United States"
"190","Globant","GLOB","9751353344","233.42","Luxembourg"
"191","Clarivate","CLVT","9725073408","14.46","United Kingdom"
"192","Lufax","LU","9714692096","4.25","China"
"193","Anaplan","PLAN","9593149440","63.73","United States"
"194","Confluent","CFLT","9462175744","33.56","United States"
"195","Monotaro","3064.T","9458654096","19.04","Japan"
"196","Bilibili","BILI","9438855168","24.65","China"
"197","Logitech","LOGI","9434963968","57.66","Switzerland"
"198","Entain","ENT.L","9415960768","1599.23","Isle of Man"
"199","Zendesk","ZEN","9406905344","76.21","United States"
"200","Krafton","259960.KS","9382868726","200.04","South Korea"
"201","Zillow","ZG","9343544320","38.98","United States"
"202","dLocal","DLO","9234375680","31.3","Uruguay"
"203","Ocado","OCDO.L","9197853963","1076.46","United Kingdom"
"204","Juniper Networks","JNPR","9068538880","28.11","United States"
"205","Sage Group","SGE.L","9061927518","889.48","United Kingdom"
"206","Disco Corp.","6146.T","9060526054","251.02","Japan"
"207","Toast","TOST","9029563392","17.64","United States"
"208","Advantech","2395.TW","8960456941","11.54","Taiwan"
"209","Dropbox","DBX","8950643712","23.83","United States"
"210","Robinhood","HOOD","8925008896","10.68","United States"
"211","Embracer Group","EMBRAC-B.ST","8892281410","7.86","Sweden"
"212","Pure Storage","PSTG","8839217152","29.86","United States"
"213","Lattice Semiconductor","LSCC","8785541120","63.98","United States"
"214","Avast","AV2.F","8742060912","8.31","Czech Republic"
"215","Procore","PCOR","8662540288","63.9","United States"
"216","Genpact","G","8631646208","46.62","Bermuda"
"217","AVEVA","AVV.L","8557379007","2834.88","United Kingdom"
"218","Nemetschek","NEM.F","8522211547","73.74","Germany"
"219","Nykaa","NYKAA.NS","8447304628","17.79","India"
"220","Samsara","IOT","8391648256","16.48","United States"
"221","Elastic NV","ESTC","8328497664","87.8","United States"
"222","Zalando","ZAL.DE","8300163198","31.96","Germany"
"223","Five9","FIVN","8192937984","116.87","United States"
"224","Avalara","AVLR","8070791680","91.86","United States"
"225","Oracle Corp Japan","4716.T","8069461394","63.02","Japan"
"226","Telus International","TIXT","8048817152","30.12","Canada"
"227","Rakuten","4755.T","7921292389","5","Japan"
"228","Trend Micro","4704.T","7822100561","55.98","Japan"
"229","Qualtrics","XM","7811503616","13.34","United States"
"230","Doximity","DOCS","7769220608","40.61","United States"
"231","Wayfair","W","7630469632","71.85","United States"
"232","SentinelOne","S","7604858880","27.26","United States"
"233","Unimicron","3037.TW","7518312895","5.1","Taiwan"
"234","Tata Elxsi","TATAELXSI.NS","7480074864","120.06","India"
"235","Rohm","6963.T","7455968192","75.97","Japan"
"236","HashiCorp","HCP","7314512896","39.67","United States"
"237","Silergy","6415.TW","7292399564","19.19","China"
"238","Kakao Pay","377300.KS","7218470452","54.47","South Korea"
"239","ZOZO","3092.T","7126192248","23.77","Japan"
"240","ASUS","2357.TW","7013938680","9.44","Taiwan"
"241","Lyft","LYFT","6994655744","19.83","United States"
"242","GlobalWafers","6488.TWO","6871705341","15.79","Taiwan"
"243","Paytm","PAYTM.NS","6807381614","10.49","India"
"244","Konami Holdings","9766.T","6805263496","50.95","Japan"
"245","monday.com","MNDY","6581171712","150.53","Israel"
"246","Vipshop","VIPS","6527985664","9.95","China"
"247","Informatica","INFA","6423021056","22.85","United States"
"248","CDK Global","CDK","6390491648","54.76","United States"
"249","SoFi","SOFI","6381047296","7.98","United States"
"250","Lumentum","LITE","6361110016","92.19","United States"
"251","Teladoc Health","TDOC","6270713856","38.79","United States"
"252","Descartes Systems","DSGX","6189422592","72.57","Canada"
"253","NCsoft","036570.KS","6070049263","298.91","South Korea"
"254","SailPoint","SAIL","6068847104","64.33","United States"
"255","Endava","DAVA","6004247552","107.23","United Kingdom"
"256","Nuvei","NVEI","5975380480","42.06","Canada"
"257","CCC Intelligent Solutions","CCCS","5973923328","9.69","United States"
"258","Realtek","2379.TW","5970476164","11.64","Taiwan"
"259","Marqeta","MQ","5939851264","10.91","United States"
"260","Futu Holdings","FUTU","5932597248","40.36","Hong Kong"
"261","Temenos","TEMN.SW","5874085122","81.98","Switzerland"
"262","Coupa","COUP","5859719680","77.56","United States"
"263","Datto","MSP","5821586432","35.18","United States"
"264","Soitec","SOI.PA","5819969834","164.27","France"
"265","Ubisoft","UBI.PA","5805901450","47.18","France"
"266","Allegro.eu","ALE.WA","5678607816","5.55","Poland"
"267","Paycor","PYCR","5660087808","32.36","United States"
"268","CyberArk","CYBR","5608670208","137.75","Israel"
"269","Zomato","ZOMATO.NS","5518183298","0.7","India"
"270","Nanya Technology","2408.TW","5477885420","1.77","Taiwan"
"271","CyberAgent","4751.T","5419586183","10.72","Japan"
"272","Vonage Holdings Corp.","VG","5385656320","20.99","United States"
"273","Mandiant","MNDT","5373346816","22.78","United States"
"274","Mimecast","MIME","5346544128","79.92","United Kingdom"
"275","Nan Ya PCB","8046.TW","5305440294","8.21","Taiwan"
"276","Novatek Microelectronics","3034.TW","5198965028","8.54","Taiwan"
"277","Carsales","CAR.AX","5186114347","14.78","Australia"
"278","HelloFresh","HFG.DE","5177514510","29.8","Germany"
"279","Asana","ASAN","5057084416","26.58","United States"
"280","Topicus","TOI.V","5013964217","62.25","Canada"
"281","Playtika","PLTK","5013612544","12.15","Israel"
"282","Allegro MicroSystems","ALGM","4969194496","25.98","United States"
"283","RingCentral","RNG","4948951552","52.15","United States"
"284","Qualys","QLYS","4948629504","127.43","United States"
"285","DigitalOcean","DOCN","4887526912","47.87","United States"
"286","IronSource","IS","4839878144","4.73","Israel"
"287","Omnicell","OMCL","4838376960","109.47","United States"
"288","Tenable","TENB","4831952384","43.28","United States"
"289","Power Integrations","POWI","4743906304","81.36","United States"
"290","Jubilant FoodWorks","JUBLFOOD.NS","4705479895","7.13","India"
"291","NCR Corporation","NCR","4694301184","34.29","United States"
"292","SPS Commerce","SPSC","4692780544","130.3","United States"
"293","Smartsheet","SMAR","4674439680","36.11","United States"
"294","Braze","BRZE","4627432960","49.22","United States"
"295","Autohome","ATHM","4580279296","36.18","China"
"296","Alight","ALIT","4552430080","8.17","United States"
"297","Weibo","WB","4549087232","19.23","China"
"298","Kingsoft","3888.HK","4537166857","3.33","China"
"299","New Relic","NEWR","4521541632","67.17","United States"
"300","Freshworks","FRSH","4518319104","15.9","United States"
"301","BE Semiconductor","BESI.AS","4375835122","54.49","Netherlands"
"302","Global-e","GLBE","4356124672","27.84","Israel"
"303","DoubleVerify","DV","4353489408","26.54","United States"
"304","Box","BOX","4351961600","30.21","United States"
"305","Alteryx","AYX","4314142720","62.98","United States"
"306","Perfect World Entertainment","002624.SZ","4307851273","2.22","China"
"307","Clearwater Analytics","CWAN","4301971968","14.65","United States"
"308","Schibsted","SCHA.OL","4298555181","19.15","Norway"
"309","Onto Innovation","ONTO","4217770752","85.11","United States"
"310","Nikon","NINOY","4199756544","11.53","Japan"
"311","Wix.com","WIX","4164903936","72.48","Israel"
"312","Wiwynn","6669.TW","4140695135","23.68","Taiwan"
"313","51job","JOBS","4106925568","60.9","China"
"314","nCino","NCNO","4103811072","37.24","United States"
"315","Appian","APPN","4002851328","55.25","United States"
"316","BlackBerry","BB","3997515264","6.9","Canada"
"317","Just Eat Takeaway","TKWY.AS","3939956945","18.46","Netherlands"
"318","Rapid7","RPD","3928811008","66.93","United States"
"319","Nutanix","NTNX","3880285952","17.3","United States"
"320","Certara","CERT","3856987392","24.13","United States"
"321","NEXTDC","NXT.AX","3764958648","8.23","Australia"
"322","MicroStrategy","MSTR","3729410048","330.01","United States"
"323","Teradata","TDC","3681252096","35.16","United States"
"324","Instructure Holdings","INST","3547849984","25","United States"
"325","Sprout Social","SPT","3512503040","64.26","United States"
"326","EngageSmart","ESMT","3507728640","21.41","United States"
"327","ASM Pacific Technology","0522.HK","3496336940","8.47","Hong Kong"
"328","Lightspeed POS","LSPD","3491592192","23.38","Canada"
"329","Kinaxis","KXS.TO","3485629584","126.28","Canada"
"330","Softcat","SCT.L","3431325793","1721.22","United Kingdom"
"331","Varonis","VRNS","3418678016","31.11","United States"
"332","Ambarella","AMBA","3369435648","88.39","United States"
"333","MakeMyTrip","MMYT","3365609728","31.97","India"
"334","Nordic Semiconductor","NOD.OL","3362766982","17.61","Norway"
"335","Darktrace","DARK.L","3353963329","458.63","United Kingdom"
"336","Pegasystems","PEGA","3337097984","40.72","United States"
"337","Sprinklr","CXM","3304320000","12.8","United States"
"338","KnowBe4","KNBE","3296075520","18.76","United States"
"339","Sega Sammy Holdings","6460.T","3251840031","14.74","Japan"
"340","Jamf","JAMF","3222423040","26.7","United States"
"341","Squarespace","SQSP","3206047744","23.05","United States"
"342","Supermicro","SMCI","3170992640","61.09","United States"
"343","TietoEVRY","TIETO.HE","3170720408","26.78","Finland"
"344","PB Fintech","POLICYBZR.NS","3148426117","7","India"
"345","SiTime","SITM","3049929728","143.28","United States"
"346","OVH Groupe","OVH.PA","3047338954","15.9","France"
"347","Cvent","CVT","3041444864","6.3","United States"
"348","Blackbaud","BLKB","3028007168","57.1","United States"
"349","Verint Systems","VRNT","3021039360","46.71","United States"
"350","Aurora Innovation","AUR","2945218304","2.59","United States"
"351","EVO Payments","EVOP","2933076736","33.45","United States"
"352","Sanmina","SANM","2850908160","49.32","United States"
"353","Chegg","CHGG","2836393728","22.44","United States"
"354","Luminar Technologies","LAZR","2820033536","7.91","United States"
"355","Kulicke and Soffa Industries","KLIC","2783253760","47.07","Singapore"
"356","LifeStance Health Group","LFST","2769990400","7.4","United States"
"357","Xerox","XRX","2741143552","17.62","United States"
"358","Mercari","4385.T","2738434489","17.06","Japan"
"359","Upstart","UPST","2735647232","32.27","United States"
"360","Silicon Motion","SIMO","2728244736","82.56","Hong Kong"
"361","Flywire","FLYW","2592458752","24.18","United States"
"362","Bottomline Technologies","EPAY","2586582528","56.99","United States"
"363","Q2","QTWO","2581368576","45.04","United States"
"364","Razer","RAZFF","2575805440","0.27","United States"
"365","Chindata","CD","2568160000","7","China"
"366","Jfrog","FROG","2499705600","25.17","United States"
"367","Axcelis Technologies","ACLS","2498597120","75.5","United States"
"368","EverCommerce","EVCM","2470453248","12.63","United States"
"369","Sabre","SABR","2458113024","7.49","United States"
"370","PowerSchool","PWSC","2445014528","15.46","United States"
"371","Ozon","OZON.ME","2416535296","11.6","United States"
"372","C3 AI","AI","2375515392","22.17","United States"
"373","ZipRecruiter","ZIP","2370144512","20.11","United States"
"374","Digital Turbine","APPS","2341351424","23.7","United States"
"375","Trainline","TRN.L","2322220713","472.28","United Kingdom"
"376","Credo Technology","CRDO","2294350080","15.79","United States"
"377","stem","STEM","2288743424","14.84","United States"
"378","Formosa Sumco Technology","3532.TW","2254329492","5.81","Taiwan"
"379","Acer","2353.TW","2244185132","0.75","Taiwan"
"380","E2open","ETWO","2234200576","7.4","United States"
"381","Cyxtera Technologies","CYXT","2201718784","12.33","United States"
"382","Revolve","RVLV","2187991040","29.84","United States"
"383","LegalZoom","LZ","2153303552","10.87","United States"
"384","Bukalapak.com","BUKA.JK","2142804931","0.02","Indonesia"
"385","360 DigiTech","QFIN","2142574336","13.8","China"
"386","TuSimple","TSP","2136559104","9.53","United States"
"387","Olo","OLO","2119088640","13.23","United States"
"388","Kainos Group","KNOS.L","2077493340","1674.12","United Kingdom"
"389","Amplitude","AMPL","2073187072","18.46","United States"
"390","TechTarget","TTGT","2054934784","69.54","United States"
"391","Spirent","SPT.L","2054164532","335.79","United Kingdom"
"392","VIZIO","VZIO","2049476864","10.64","United States"
"393","Software AG","SOW.F","2047327958","27.67","Germany"
"394","TeamViewer","TMV.DE","2040702160","10.94","Germany"
"395","Coursera","COUR","2038445952","13.5","United States"
"396","Udemy","UDMY","2034502144","14.45","United States"
"397","Allscripts","MDRX","2024549120","17.45","United States"
"398","CD Projekt","CDR.WA","2005289284","19.91","Poland"
"399","SIGNA Sports United","SSU","1992828288","5.91","Germany"
"400","Compass","COMP","1964043648","4.6","United States"
"401","Payoneer","PAYO","1946987136","5.62","United States"
"402","Semrush","SEMR","1937248000","13.73","United States"
"403","secunet","YSN.F","1916375748","296.22","Germany"
"404","Sterling Check","STER","1914627200","19.89","United States"
"405","CI&amp;T","CINT","1910411776","14.38","Brazil"
"406","ForgeRock","FORG","1906436352","22.62","United States"
"407","Vertex","VERX","1901835264","12.68","United States"
"408","Duck Creek Technologies","DCT","1874553984","14.14","United States"
"409","Remitly","RELY","1853732096","11.15","United States"
"410","N-Able","NABL","1838792576","10.22","United States"
"411","KPIT Technologies","KPITTECH.NS","1830451274","6.68","India"
"412","CSG International","CSGS","1812578432","56.3","United States"
"413","23andMe","ME","1796277504","3.98","United States"
"414","Paradox Interactive","PDX.ST","1782663961","16.88","Sweden"
"415","Expensify","EXFY","1768297984","21.67","United States"
"416","Plantronics","POLY","1739765376","39.8","United States"
"417","Lemonade","LMND","1734598784","25.11","United States"
"418","IndiaMART","INDIAMART.NS","1727457511","56.41","India"
"419","3D Systems","DDD","1725675136","13.24","United States"
"420","Xperi","XPER","1705835904","16.41","United States"
"421","Playtech","PTEC.L","1685077405","563.11","Isle of Man"
"422","LiveRamp","RAMP","1666903296","24.06","United States"
"423","AvidXchange","AVDX","1663855104","8.4","United States"
"424","Paysafe","PSFE","1660550016","2.29","United States"
"425","DeNA","2432.T","1657760641","14.11","Japan"
"426","CS Disco","LAW","1642527616","28","United States"
"427","Getnet","GET","1633381760","1.75","Brazil"
"428","Qt Group","QTCOM.HE","1602193503","63.61","Finland"
"429","Corsair Gaming","CRSR","1599723136","16.7","United States"
"430","Criteo","CRTO","1581946624","26.5","France"
"431","SolarWinds","SWI","1581362048","9.83","United States"
"432","Fiverr","FVRR","1580680320","42.58","Israel"
"433","LendingClub","LC","1555861632","15.01","United States"
"434","Exclusive Networks","EXN.PA","1539066153","16.82","France"
"435","Marathon Digital Holdings","MARA","1534038912","14.43","United States"
"436","GB Group (GBG)","GBG.L","1529593197","606.35","United Kingdom"
"437","UCT (Ultra Clean Holdings)","UCTT","1511300864","33.51","United States"
"438","Nextdoor","KIND","1495460864","3.87","United States"
"439","Photronics","PLAB","1487055360","24.14","United States"
"440","Rackspace Technology","RXT","1484454400","7.04","United States"
"441","Fastly","FSLY","1468880000","12.04","United States"
"442","Overstock.com","OSTK","1458606720","31.92","United States"
"443","BigCommerce","BIGC","1448679040","19.74","United States"
"444","Matterport","MTTR","1446470272","5.13","United States"
"445","Zeta Global","ZETA","1444333440","7.01","United States"
"446","Cohu","COHU","1420773248","29.46","United States"
"447","American Well","AMWL","1411610880","5.16","United States"
"448","Newegg","NEGG","1406644096","3.83","United States"
"449","Exscientia","EXAI","1405846784","11.58","United Kingdom"
"450","BrainChip","BRN.AX","1380632500","0.79","Australia"
"451","Hims &amp; Hers Health","HIMS","1374440320","6.67","United States"
"452","AST SpaceMobile","ASTS","1371842560","7.55","United States"
"453","Alkami Technology","ALKT","1359168896","14.93","United States"
"454","Phreesia","PHR","1347864192","25.8","United States"
"455","Simulations Plus","SLP","1327657728","65.61","United States"
"456","Grid Dynamics","GDYN","1312262272","19.5","United States"
"457","Asseco","SFB1.F","1312098411","15.75","Poland"
"458","Redfin","RDFN","1311220992","12.09","United States"
"459","Vacasa","VCSA","1300754944","3","United States"
"460","Stratasys","SSYS","1298170880","19.45","United States"
"461","ePlus","PLUS","1297519744","48.25","United States"
"462","Bytes Technology","BYIT.L","1287211538","533.4","United Kingdom"
"463","MYT Netherlands Parent (Mytheresa)","MYTE","1284275328","15.2","Germany"
"464","Protolabs","PRLB","1281094400","46.58","United States"
"465","Mixi","2121.T","1278110716","17.62","Japan"
"466","Donnelley Financial Solutions","DFIN","1266805888","42.63","United States"
"467","Atoss","AOF.F","1260247774","158.05","Germany"
"468","Agilysys","AGYS","1259390080","50.31","United States"
"469","Nexters","GDEV","1253816832","6.38","Cyprus"
"470","Zuora","ZUO","1244195968","9.63","United States"
"471","Repay Holdings","RPAY","1240877056","13.59","United States"
"472","LivePerson","LPSN","1237164160","16.57","United States"
"473","ContextLogic (wish.com)","WISH","1230249984","1.85","United States"
"474","PAR Technology","PAR","1229444864","45.43","United States"
"475","TANLA","TANLA.NS","1229290808","9.05","India"
"476","Himax","HIMX","1225322112","7.03","Taiwan"
"477","IonQ","IONQ","1214598272","6.13","United States"
"478","Momentive Global","MNTV","1204756864","8.03","United States"
"479","GungHo Online Entertainment","3765.T","1203570411","19.2","Japan"
"480","Vimeo","VMEO","1199621504","7.21","United States"
"481","Docebo","DCBO","1188521344","35.93","Canada"
"482","A10 Networks","ATEN","1184474624","15.55","United States"
"483","Riot Blockchain","RIOT","1178881024","8.71","United States"
"484","Sierra Wireless","SWIR","1177218560","30.53","Canada"
"485","Terveystalo","TTALO.HE","1176830590","9.3","Finland"
"486","Digi International","DGII","1176393344","33.53","United States"
"487","Micro Focus","MFGP","1165940864","3.47","United Kingdom"
"488","Harmonic","HLIT","1165126528","11.09","United States"
"489","TomTom","TOM2.AS","1164050951","9.09","Netherlands"
"490","THG (The Hut Group)","THG.L","1161884247","80.01","United Kingdom"
"491","Lightwave Logic","LWLG","1147299328","10.28","United States"
"492","Vivint Smart Home","VVNT","1137244032","5.35","United States"
"493","Domo","DOMO","1132255616","33.57","United States"
"494","EaseMyTrip","EASEMYTRIP.NS","1131130086","5.21","India"
"495","Veeco","VECO","1125808640","21.97","United States"
"496","ACM Research","ACMR","1116969088","18.88","United States"
"497","SmartRent","SMRT","1066512704","5.46","United States"
"498","Gree","3632.T","1065962012","6.15","Japan"
"499","Cellebrite","CLBT","1060847168","5.6","Israel"
"500","Alpha &amp; Omega Semiconductor","AOSL","1054047360","38.94","United States"
"501","Cimpress","CMPR","1041880832","39.9","Ireland"
"502","tuya","TUYA","1030496832","1.83","China"
"503","Locaweb","LWSA3.SA","1004600963","1.7","Brazil"
"504","PDF Solutions","PDFS","996344512","26.96","United States"
"505","Intapp","INTA","991823424","15.94","United States"
"506","Poshmark","POSH","991390976","12.69","United States"
"507","AvePoint","AVPT","990835648","5.42","United States"
"508","Conduent","CNDT","990499136","4.59","United States"
"509","Core Scientific","CORZ","974674176","2.99","United States"
"510","Model N","MODN","971051520","26.37","United States"
"511","SMART Global Holdings","SGH","968335424","19.37","United States"
"512","Pushpay Holdings","PPH.NZ","967811437","0.84","New Zealand"
"513","Aeva Technologies","AEVA","966495424","4.46","United States"
"514","Perion Network","PERI","963265280","20.97","Israel"
"515","WalkMe","WKME","961682816","11.38","Israel"
"516","Sumo Logic","SUMO","958260928","8.28","United States"
"517","Paya","PAYA","957550976","7.25","United States"
"518","Snap One","SNPO","956067840","12.6","United States"
"519","VTEX","VTEX","941772928","4.93","United Kingdom"
"520","Ichor Systems","ICHR","931922752","32.55","United States"
"521","PubMatic","PUBM","924470144","17.76","United States"
"522","Thryv","THRY","909851968","26.42","United States"
"523","Wemade","112040.KQ","908468655","55.4","South Korea"
"524","Microvision","MVIS","905443520","5.47","United States"
"525","MapmyIndia","MAPMYINDIA.NS","901353200","16.93","India"
"526","Riskified","RSKD","895720320","5.36","Israel"
"527","indie Semiconductor","INDI","892834560","7.52","United States"
"528","CEVA","CEVA","874888832","37.7","United States"
"529","Nano Dimension","NNDM","870055936","3.38","United States"
"530","Karooooo","KARO","865083264","27.95","Singapore"
"531","Zhihu","ZH","861472896","1.32","China"
"532","NeoPhotonics","NPTN","859559296","16.01","United States"
"533","ChipMOS Technologies","IMOS","844689216","23.23","Taiwan"
"534","Secureworks","SCWX","840110016","9.9","United States"
"535","Couchbase","BASE","814839680","18.29","United States"
"536","Team17","TM17.L","813467829","543.54","United Kingdom"
"537","Com2uS","078340.KQ","805702288","64.78","South Korea"
"538","Forge Global","FRGE","805506304","4.76","United States"
"539","Materialise NV","MTLS","792632192","13.42","Belgium"
"540","New Work","NWO.F","792030966","140.92","Germany"
"541","System1","SST","789737280","8.72","United States"
"542","Stitch Fix","SFIX","786403136","7.27","United States"
"543","Genius Sports","GENI","785498944","3.82","United Kingdom"
"544","Unisys","UIS","779541312","11.5","United States"
"545","Sema4","SMFR","765815424","2.03","United States"
"546","Mastek","MASTEK.NS","762855431","25.37","India"
"547","Ebix","EBIX","762112384","24.66","United States"
"548","Huya","HUYA","752888960","3.16","China"
"549","Blend Labs","BLND","751323840","3.23","United States"
"550","Canaan","CAN","744033152","3.98","China"
"551","Frontier Developments","FDEV.L","735228583","1864.96","United Kingdom"
"552","Cazoo","CZOO","728687104","0.96","United Kingdom"
"553","NETGEAR","NTGR","727621120","25.29","United States"
"554","Skillz","SKLZ","720977536","1.72","United States"
"555","Renren","RENN","718643776","28.84","China"
"556","NerdWallet","NRDS","715296192","9.81","United States"
"557","SkyWater Technology","SKYT","710670528","17.63","United States"
"558","Jumia","JMIA","708128704","7.09","Germany"
"559","Innoviz","INVZ","706823552","5.24","Israel"
"560","Rover","ROVR","700465152","3.85","United States"
"561","Arqit Quantum","ARQQ","699855232","5.74","United Kingdom"
"562","2U","TWOU","698916544","9.02","United States"
"563","American Software","AMSWA","691330368","18.08","United States"
"564","SoundHound AI","SOUN","688468928","3.51","United States"
"565","Yalla Group","YALA","683543168","4.61","United Arab Emirates"
"566","Focus Universal","FCUV","682211648","15.61","United States"
"567","Liquidity Services","LQDT","682154880","19.17","United States"
"568","Skillsoft","SKIL","680375936","4.15","United States"
"569","UserTesting","USER","676701312","4.7","United States"
"570","Velo3D","VLD","669246784","3.64","United States"
"571","Wirtualna Polska (WP Holding)","WPL.WA","666853798","22.79","Poland"
"572","Sohu.com","SOHU","660073216","17.27","China"
"573","Faro Technologies","FARO","658757184","36.04","United States"
"574","COLOPL","3668.T","657889976","5.13","Japan"
"575","Taboola.com","TBLA","655254592","2.74","United States"
"576","Similarweb","SMWB","652970496","8.6","Israel"
"577","QuinStreet","QNST","651656448","11.89","United States"
"578","Arlo Technologies","ARLO","646246592","7.44","United States"
"579","Magnachip","MX","637500480","14.2","Luxembourg"
"580","WM Technology","MAPS","624046720","3.57","United States"
"581","trivago","TRVG","622227392","1.73","Germany"
"582","Baozun","BZUN","620400128","9.15","China"
"583","Pearl Abyss","263750.KQ","611074791","46.93","South Korea"
"584","Navitas Semiconductor","NVTS","611033536","4.94","Ireland"
"585","LendingTree","TREE","601325568","47.03","United States"
"586","ANI Pharmaceuticals","ANIP","601019328","34.87","United States"
"587","Telos","TLS","598736000","8.82","United States"
"588","Tricida","TCDA","598588928","10.8","United States"
"589","Opera","OPRA","596399296","5.18","Norway"
"590","Youdao","DAO","583236480","4.63","China"
"591","nLIGHT","LASR","573341312","12.72","United States"
"592","Vuzix","VUZI","564734272","8.87","United States"
"593","MediaAlpha","MAX","562268032","9.34","United States"
"594","LiveChat Software","LVC.WA","561204326","21.79","Poland"
"595","Despegar","DESP","549772928","8.3","Argentina"
"596","UP Fintech (Tiger Brokers)","TIGR","548670400","3.59","China"
"597","Nazara Technologies","NAZARA.NS","548223523","8.34","India"
"598","Allied Motion Technologies","AMOT","533195840","33.37","United States"
"599","Cipher Mining","CIFR","524678784","2.12","United States"
"600","Rigetti Computing","RGTI","522594816","4.55","United States"
"601","DoubleDown Interactive","DDI","522292832","10.54","United States"
"602","OneConnect","OCFT","518692000","1.33","China"
"603","Markforged","MKFG","518686784","2.76","United States"
"604","Rimini Street","RMNI","513912608","5.87","United States"
"605","Infibeam Avenues","INFIBEAM.NS","511212125","0.19","India"
"606","Tucows","TCX","504874176","46.88","Canada"
"607","Mitek Systems","MITK","499902336","11.26","United States"
"608","ON24","ONTF","488638208","10.43","United States"
"609","CarParts.com","PRTS","488542080","8.97","United States"
"610","PlayWay","6P5.F","487039315","71.07","Poland"
"611","Hippo","HIPO","481756544","0.84","United States"
"612","Playstudios","MYPS","477801824","3.73","United States"
"613","Webzen","069080.KQ","477021693","15.23","South Korea"
"614","Tufin","TUFN","476337984","12.41","Israel"
"615","Neowiz Games","095660.KQ","475486017","22.47","South Korea"
"616","ChannelAdvisor","ECOM","470546336","15.44","United States"
"617","Cerberus Cyber Sentinel","CISO","467582400","3.42","United States"
"618","1-800-PetMeds","PETS","462093472","21.99","United States"
"619","HIVE Blockchain Technologies","HIVE","456644768","5.53","Canada"
"620","Computer Programs and Systems","CPSI","449557728","30.45","United States"
"621","Nacon","NACON.PA","445743979","5.12","France"
"622","Hut 8 Mining","HUT","438715008","2.5","Canada"
"623","Appen","APX.AX","429452384","3.48","Australia"
"624","Digital Bros","DIB.MI","419957076","29.45","Italy"
"625","Groupon","GRPN","415545184","13.87","United States"
"626","Babylon Holdings","BBLN","415122912","0.98","United Kingdom"
"627","ShotSpotter","SSTI","402615456","33.16","United States"
"628","Aehr Test Systems","AEHR","402226624","14.94","United States"
"629","CyberOptics","CYBE","392617152","53.03","United States"
"630","Arbe Robotics","ARBE","387370048","6.14","Israel"
"631","AEye","LIDR","387093312","2.46","United States"
"632","Valens Semiconductor","VLN","380025088","3.87","Israel"
"633","Priority Technology Holdings","PRTH","376987904","4.9","United States"
"634","Upland Software","UPLD","372632032","11.78","United States"
"635","Digimarc","DMRC","370456480","18.55","United States"
"636","Diebold Nixdorf","DBD","368783840","4.67","United States"
"637","OPTiM","3694.T","365660674","6.64","Japan"
"638","Gravity Co.","GRVY","348765280","50.19","South Korea"
"639","Identiv","INVE","347979296","15.58","United States"
"640","Veritone","VERI","344448448","9.55","United States"
"641","Bitfarms","BITF","344062048","1.69","Canada"
"642","Cognyte Software","CGNT","342127168","5.07","Israel"
"643","The RealReal","REAL","340687232","3.61","United States"
"644","Nano Labs","NA","339967776","6.34","China"
"645","Weave Communications","WEAV","334154976","5.14","United States"
"646","BlackSky Technology","BKSY","326543392","2.7","United States"
"647","Comtech Telecommunications","CMTL","326272160","11.86","United States"
"648","SOPHiA GENETICS","SOPH","325967520","5.1","Switzerland"
"649","People Can Fly","PCF.WA","324096961","10.82","Poland"
"650","SciPlay","SCPL","308575424","12.51","United States"
"651","Marvelous","7844.T","308541359","5.11","Japan"
"652","The Original BARK Company","BARK","306790720","1.75","United States"
"653","eGain","EGAN","302934016","9.52","United States"
"654","Ouster","OUST","302175360","1.74","United States"
"655","NextNav","NN","300334560","3.11","United States"
"656","Iris Energy","IREN","298730368","5.43","Australia"
"657","ThredUp","TDUP","297149408","3","United States"
"658","Focus Home Interactive","ALFOC.PA","289857514","46.09","France"
"659","Arteris","AIP","283939488","8.89","United States"
"660","Cepton","CPTN","281907840","1.83","United States"
"661","Qudian","QD","277722528","1.1","China"
"662","Silicom","SILC","277339200","41.7","Israel"
"663","Talkspace","TALK","276731008","1.75","United States"
"664","Pear Therapeutics","PEAR","269298912","1.95","United States"
"665","AdTheorent","ADTH","269236160","3.14","United States"
"666","Nerdy","NRDY","267935616","2.93","United States"
"667","Dave Inc.","DAVE","267272704","0.72","United States"
"668","Rockley Photonics","RKLY","266317536","2.05","United Kingdom"
"669","11 bit studios","11B.WA","265051304","111.36","Poland"
"670","Velodyne Lidar","VLDR","264105376","1.27","United States"
"671","Troops","TROO","262122832","2.58","Hong Kong"
"672","IronNet","IRNT","260956672","2.58","United States"
"673","Porch Group","PRCH","259738656","2.62","United States"
"674","Lantronix","LTRX","254721360","7.32","United States"
"675","Benefitfocus","BNFT","251164928","7.35","United States"
"676","Doma","DOMA","250318960","0.77","United States"
"677","Embark Technology","EMBK","248990960","0.54","United States"
"678","Bakkt Holdings","BKKT","244619056","3.25","United States"
"679","Cian","CIAN","237563120","3.4","Russia"
"680","Ceragon Networks","CRNT","223527504","2.66","Israel"
"681","MSTC Limited","MSTCLTD.NS","222114685","3.16","India"
"682","Backblaze","BLZE","214368000","6.96","United States"
"683","Spire Global","SPIR","213967440","1.53","United States"
"684","Allied Tecnologia","ALLD3.SA","213411267","2.29","Brazil"
"685","Méliuz","CASH3.SA","210120715","0.26","Brazil"
"686","KORE","KORE","208135200","2.73","United States"
"687","Applied Blockchain","APLD","206383408","2.19","United States"
"688","Swvl Holdings","SWVL","205667600","1.73","United Arab Emirates"
"689","Aterian","ATER","205589600","2.98","United States"
"690","CleanSpark","CLSK","203973104","4.94","United States"
"691","Quantum","QMCO","200202608","1.95","United States"
"692","Accelya","ACCELYA.NS","199678397","13.37","India"
"693","Bird Global","BRDS","187391216","0.67","United States"
"694","Cigniti Technologies","CIGNITITEC.NS","186759453","6.85","India"
"695","Mynaric","MYNA","185393792","8.2","Germany"
"696","CalAmp","CAMP","181872240","5.03","United States"
"697","Scienjoy","SJ","175710768","4.47","China"
"698","Smith Micro Software","SMSI","169353776","3.07","United States"
"699","TeraWulf","WULF","168679920","1.59","United States"
"700","Phunware","PHUN","167297504","1.71","United States"
"701","Vinco Ventures","BBIG","165926448","0.71","United States"
"702","gumi","3903.T","163729389","5.61","Japan"
"703","Latch","LTCH","163646592","1.13","United States"
"704","Wejo Group","WEJO","162825872","1.72","United Kingdom"
"705","Greenidge Generation Holdings","GREE","160549008","3.83","United States"
"706","Mister Spex","MRX.F","159493407","4.71","Germany"
"707","Synchronoss","SNCR","156734800","1.78","United States"
"708","Drecom","3793.T","155602766","5.47","Japan"
"709","Quick Heal","QUICKHEAL.NS","153897553","2.65","India"
"710","ServiceSource","SREV","150361504","1.5","United States"
"711","Nucleus Software Exports","NUCLEUS.NS","140498665","5.25","India"
"712","Compugen","CGEN","135502880","1.48","Israel"
"713","Spok Holdings","SPOK","135492656","6.88","United States"
"714","Sylogist","SYZ.TO","134100892","5.61","Canada"
"715","Tabula Rasa HealthCare","TRHC","133640880","5.17","United States"
"716","Bit Digital","BTBT","133530616","1.62","United States"
"717","Pixelworks","PXLW","130675168","2.42","United States"
"718","Shift Technologies","SFT","129661528","1.53","United States"
"719","Iteris","ITI","126454880","2.97","United States"
"720","KLab","3656.T","124633216","3.28","Japan"
"721","Red Cat Holdings","RCAT","111920632","2.08","United States"
"722","Paysign","PAYS","111804088","2.15","United States"
"723","Xunlei","XNET","111351240","1.65","China"
"724","BitNile","NILE","110017944","0.34","United States"
"725","Energous","WATT","106350800","1.38","United States"
"726","Cheetah Mobile","CMCM","104841752","0.74","China"
"727","Asure Software","ASUR","103971400","5.18","United States"
"728","UpHealth","UPH","102862688","0.7","United States"
"729","Park City Group","PCYG","100420024","5.4","United States"
"730","Quicklogic","QUIK","98297104","7.93","United States"
"731","O2Micro","OIIM","97960800","3.36","Cayman Islands"
"732","Avaya Holdings","AVYA","96136992","1.12","United States"
"733","Rekor Systems","REKR","92766944","1.86","United States"
"734","3i Infotech","3IINFOLTD.NS","87167766","0.52","India"
"735","Onion Global","OG","86617232","0.82","China"
"736","Triterras","TRIRF","76524096","1","Singapore"
"737","CI Games","CI7.F","76031267","0.38","Poland"
"738","geechs","7060.T","74604460","6.96","Japan"
"739","Starbreeze","STAR-B.ST","67488016","0.09","Sweden"
"740","ReWalk Robotics","RWLK","65705428","1.05","Israel"
"741","Geospace Technologies","GEOS","64575232","4.96","United States"
"742","Natural Health Trends","NHTC","64537128","5.65","United States"
"743","BIT Mining (500.com)","BTCM","60956244","0.73","China"
"744","AgEagle Aerial Systems","UAVS","58918884","0.72","United States"
"745","Verb Technology","VERB","58054688","0.57","United States"
"746","Nippon Ichi Software","3851.T","56844524","11.29","Japan"
"747","Stronghold Digital Mining","SDIG","56698764","2.83","United States"
"748","SOS Limited","SOS","56443496","9.91","China"
"749","Quanergy Systems","QNGY","54279536","0.45","United States"
"750","Voyager Digital","VOYG.TO","49745750","0.26","United States"
"751","Remark Holdings","MARK","49413744","0.47","United States"
"752","Intellicheck","IDN","49245740","2.61","United States"
"753","enish","3667.T","47810785","3.09","Japan"
"754","ATARI","ATA.PA","47497710","0.15","France"
"755","Sphere 3D","ANY","46735680","0.72","Canada"
"756","Foresight Autonomous Holdings","FRSX","44428060","0.69","Israel"
"757","Cyngn","CYN","42640632","1.27","United States"
"758","Missfresh","MF","40309216","0.17","China"
"759","Super League Gaming","SLGG","38074052","1.03","United States"
"760","The9","NCTY","36533808","1.55","China"
"761","Trust Stamp","IDAI","34164176","1.45","United States"
"762","Exela Technologies","XELA","33147450","1.5","United States"
"763","WonderPlanet","4199.T","32058779","14.9","Japan"
"764","Marin Software","MRIN","31131360","1.95","United States"
"765","SeaChange","SEAC","29899442","0.6","United States"
"766","Appirits","4174.T","27431650","6.89","Japan"
"767","IMTE","IMTE","26998540","1.83","Australia"
"768","Ekso Bionics","EKSO","26509132","2.04","United States"
"769","Inpixon","INPX","25705316","0.16","United States"
"770","OLB Group","OLB","23818536","1.62","United States"
"771","Cryptyde","TYDE","22132996","1.09","United States"
"772","Winc","WBEV","21603908","1.64","United States"
"773","Marpai","MRAI","17762238","0.88","United States"
"774","Blackboxstocks","BLBX","17141410","1.3","United States"
"775","BIO-key International","BKYI","17086144","2.03","United States"
"776","Rail Vision","RVSN","16533533","1.04","Israel"
"777","Kidpik","PIK","16082257","2.09","United States"
"778","American Virtual Cloud","AVCT","15677789","0.17","United States"
"779","Netcapital","NCPL","15552556","3.64","United States"
"780","Advanced Human Imaging","AHI","12762312","0.51","Australia"
"781","Guardforce AI","GFAI","12413730","0.3","Singapore"
"782","AppTech Payments","APCX","12156750","0.75","United States"
"783","Jump Networks","JUMPNET.NS","11669324","0.12","India"
"784","SaverOne 2014","SVRE","11392539","2.51","Israel"
"785","Versus Systems","VS","9948080","0.4","Canada"
"786","Pintec Technology","PT","9892874","1.14","China"
"787","G Medical Innovations","GMVD","9500732","0.39","Israel"
"788","Cemtrex","CETX","8666889","0.33","United States"
"789","Grom Social Enterprises","GROM","7506036","0.4","United States"
"790","Pareteum Corporation","TEUM","228316","0","United States"
"791","Yandex","YNDX.ME","0","33.05","Netherlands"
"792","Justworks","JW","0","0","United States"
