"Rank","Name","Symbol","pe_ratio_ttm","price (USD)","country"
"1","Sohu.com","SOHU","0.775281","17.27","China"
"2","Schibsted","SCHA.OL","0.906057","19.15","Norway"
"3","Remark Holdings","MARK","1.11905","0.47","United States"
"4","Troops","TROO","1.26531","2.58","Hong Kong"
"5","Triterras","TRIRF","1.35135","1","Singapore"
"6","Canaan","CAN","1.87185","3.98","China"
"7","Naver","035420.KS","2.0377","198.89","South Korea"
"8","Alpha &amp; Omega Semiconductor","AOSL","2.26787","38.94","United States"
"9","360 DigiTech","QFIN","2.43345","13.8","China"
"10","Himax","HIMX","2.50989","7.03","Taiwan"
"11","HIVE Blockchain Technologies","HIVE","2.61905","5.53","Canada"
"12","eBay","EBAY","2.75202","47.61","United States"
"13","Iris Energy","IREN","2.8305","5.43","Australia"
"14","Netcapital","NCPL","2.95082","3.64","United States"
"15","LG Electronics","LGLG.F","3.42777","18.25","South Korea"
"16","Allied Tecnologia","ALLD3.SA","3.62269","2.29","Brazil"
"17","Lufax","LU","3.71386","4.25","China"
"18","Novatek Microelectronics","3034.TW","3.7403","8.54","Taiwan"
"19","Overstock.com","OSTK","3.96894","31.92","United States"
"20","WonderPlanet","4199.T","4.12387","14.9","Japan"
"21","Kingsoft","3888.HK","4.14233","3.33","China"
"22","ASUS","2357.TW","4.59784","9.44","Taiwan"
"23","Skillsoft","SKIL","4.75453","4.15","United States"
"24","WM Technology","MAPS","4.89041","3.57","United States"
"25","Hut 8 Mining","HUT","5.03697","2.5","Canada"
"26","Hewlett Packard Enterprise","HPE","5.08834","14.4","United States"
"27","Lumen","LUMN","5.29952","10.97","United States"
"28","ASE Group","ASX","5.32246","6.06","Taiwan"
"29","LendingClub","LC","5.50549","15.01","United States"
"30","Acer","2353.TW","5.81175","0.75","Taiwan"
"31","Intel","INTC","5.83828","35.38","United States"
"32","Kulicke and Soffa Industries","KLIC","5.86908","47.07","Singapore"
"33","Groupon","GRPN","5.92308","13.87","United States"
"34","HP","HPQ","5.93085","33.45","United States"
"35","Dell","DELL","6.03453","45.45","United States"
"36","Mandiant","MNDT","6.27548","22.78","United States"
"37","GungHo Online Entertainment","3765.T","6.28019","19.2","Japan"
"38","Lenovo","0992.HK","6.34589","0.91","Hong Kong"
"39","DeNA","2432.T","6.36382","14.11","Japan"
"40","3D Systems","DDD","6.45854","13.24","United States"
"41","DoubleDown Interactive","DDI","6.59871","10.54","United States"
"42","Nanya Technology","2408.TW","6.69473","1.77","Taiwan"
"43","Cheetah Mobile","CMCM","6.89173","0.74","China"
"44","Micron Technology","MU","6.93567","61.45","United States"
"45","Gravity Co.","GRVY","6.93601","50.19","South Korea"
"46","SK Hynix","000660.KS","7.21318","74.09","South Korea"
"47","AdTheorent","ADTH","7.27907","3.14","United States"
"48","ChipMOS Technologies","IMOS","7.4585","23.23","Taiwan"
"49","Panasonic","6752.T","7.65229","8.3","Japan"
"50","United Microelectronics","UMC","7.93529","6.86","Taiwan"
"51","ASM Pacific Technology","0522.HK","8.05754","8.47","Hong Kong"
"52","Nippon Ichi Software","3851.T","8.16223","11.29","Japan"
"53","Rimini Street","RMNI","8.29577","5.87","United States"
"54","SMIC","MKN2.F","8.42308","2.19","China"
"55","Coinbase","COIN","8.42762","98.02","United States"
"56","Mixi","2121.T","8.43104","17.62","Japan"
"57","Yalla Group","YALA","8.44444","4.61","United Arab Emirates"
"58","Bit Digital","BTBT","8.47368","1.62","United States"
"59","Cellebrite","CLBT","8.6269","5.6","Israel"
"60","Bitfarms","BITF","8.73684","1.69","Canada"
"61","Magnachip","MX","8.87368","14.2","Luxembourg"
"62","Cohu","COHU","8.88554","29.46","United States"
"63","Conduent","CNDT","9.01961","4.59","United States"
"64","O2Micro","OIIM","9.10281","3.36","Cayman Islands"
"65","Thryv","THRY","9.1069","26.42","United States"
"66","MediaTek","2454.TW","9.16648","23.62","Taiwan"
"67","Samsung","005930.KS","9.34955","46.78","South Korea"
"68","Realtek","2379.TW","9.59937","11.64","Taiwan"
"69","Ericsson","ERIC","9.93364","7.55","Sweden"
"70","Nikon","NINOY","9.95513","11.53","Japan"
"71","Vipshop","VIPS","10.2292","9.95","China"
"72","Donnelley Financial Solutions","DFIN","10.3961","42.63","United States"
"73","Ebix","EBIX","10.5556","24.66","United States"
"74","ChannelAdvisor","ECOM","10.6759","15.44","United States"
"75","Seagate Technology","STX","10.8251","81.08","Ireland"
"76","Appen","APX.AX","10.8986","3.48","Australia"
"77","Unimicron","3037.TW","10.9353","5.1","Taiwan"
"78","Asseco","SFB1.F","11.0188","15.75","Poland"
"79","Sanmina","SANM","11.1584","49.32","United States"
"80","Xiaomi","XIACF","11.268","1.5","China"
"81","Foxconn (Hon Hai Precision Industry)","2317.TW","11.2915","3.6","Taiwan"
"82","Qorvo","QRVO","11.3722","106.43","United States"
"83","Perfect World Entertainment","002624.SZ","11.5615","2.22","China"
"84","Criteo","CRTO","12.1142","26.5","France"
"85","A10 Networks","ATEN","12.1484","15.55","United States"
"86","ePlus","PLUS","12.1995","48.25","United States"
"87","UCT (Ultra Clean Holdings)","UCTT","12.2784","33.51","United States"
"88","Kakao","035720.KS","12.3754","63.09","South Korea"
"89","Murata Manufacturing (Murata Seisakusho)","6981.T","12.4149","57.59","Japan"
"90","TietoEVRY","TIETO.HE","12.4203","26.78","Finland"
"91","Huya","HUYA","12.58","3.16","China"
"92","Marvelous","7844.T","12.7125","5.11","Japan"
"93","QUALCOMM","QCOM","12.9318","147.81","United States"
"94","Silicon Motion","SIMO","12.9811","82.56","Hong Kong"
"95","Krafton","259960.KS","13.361","200.04","South Korea"
"96","Konami Holdings","9766.T","13.4576","50.95","Japan"
"97","Skyworks Solutions","SWKS","13.4934","112.13","United States"
"98","Sony","SONY","13.5847","84.83","Japan"
"99","Nan Ya PCB","8046.TW","13.6916","8.21","Taiwan"
"100","Terveystalo","TTALO.HE","13.8373","9.3","Finland"
"101","Wiwynn","6669.TW","13.9093","23.68","Taiwan"
"102","Meta Platforms (Facebook)","META","13.9549","170.25","United States"
"103","Playtika","PLTK","13.9655","12.15","Israel"
"104","Applied Materials","AMAT","14.2444","107.83","United States"
"105","Allscripts","MDRX","14.3033","17.45","United States"
"106","Ichor Systems","ICHR","14.3982","32.55","United States"
"107","MSTC Limited","MSTCLTD.NS","14.4445","3.16","India"
"108","Canon","CAJ","14.6446","24.81","Japan"
"109","PlayWay","6P5.F","14.7406","71.07","Poland"
"110","Cigniti Technologies","CIGNITITEC.NS","14.8631","6.85","India"
"111","STMicroelectronics","STM","14.8794","38.24","Switzerland"
"112","CI Games","CI7.F","14.9566","0.38","Poland"
"113","Tencent","TCEHY","15.251","37.81","China"
"114","NEC Corp","6701.T","15.3622","36.21","Japan"
"115","New Work","NWO.F","15.4741","140.92","Germany"
"116","Lam Research","LRCX","15.4781","509.54","United States"
"117","Nokia","NOK","15.5515","5.2","Finland"
"118","Cisco","CSCO","15.7413","45.02","United States"
"119","Weibo","WB","15.7623","19.23","China"
"120","Renesas Electronics","6723.T","15.8232","9.83","Japan"
"121","Roper Technologies","ROP","15.8855","431.01","United States"
"122","Wirtualna Polska (WP Holding)","WPL.WA","15.9383","22.79","Poland"
"123","LendingTree","TREE","15.9424","47.03","United States"
"124","PubMatic","PUBM","16","17.76","United States"
"125","Autohome","ATHM","16.1065","36.18","China"
"126","BE Semiconductor","BESI.AS","16.1419","54.49","Netherlands"
"127","NCsoft","036570.KS","16.1798","298.91","South Korea"
"128","Photronics","PLAB","16.3176","24.14","United States"
"129","Upstart","UPST","16.4643","32.27","United States"
"130","COLOPL","3668.T","16.6377","5.13","Japan"
"131","SciPlay","SCPL","16.72","12.51","United States"
"132","NortonLifeLock","NLOK","16.7847","24.17","United States"
"133","GlobalWafers","6488.TWO","16.7922","15.79","Taiwan"
"134","Perion Network","PERI","16.8871","20.97","Israel"
"135","Nexon","3659.T","16.9657","22.25","Japan"
"136","Digital Bros","DIB.MI","16.9973","29.45","Italy"
"137","Supermicro","SMCI","17.0167","61.09","United States"
"138","Logitech","LOGI","17.2119","57.66","Switzerland"
"139","TE Connectivity","TEL","17.2361","132.92","Switzerland"
"140","NetApp","NTAP","17.2565","72.65","United States"
"141","Mastek","MASTEK.NS","18.0945","25.37","India"
"142","TANLA","TANLA.NS","18.5103","9.05","India"
"143","HelloFresh","HFG.DE","18.6714","29.8","Germany"
"144","KLA","KLAC","18.6744","387.68","United States"
"145","Leidos","LDOS","19.0971","98.35","United States"
"146","TSMC","TSM","19.2778","87.94","Taiwan"
"147","Riot Blockchain","RIOT","19.3111","8.71","United States"
"148","Allied Motion Technologies","AMOT","19.3526","33.37","United States"
"149","NXP Semiconductors","NXPI","19.4132","179.96","Netherlands"
"150","Check Point Software","CHKP","19.689","120.3","Israel"
"151","Texas Instruments","TXN","19.7126","182.8","United States"
"152","Nacon","NACON.PA","19.8512","5.12","France"
"153","Computer Programs and Systems","CPSI","19.8889","30.45","United States"
"154","ON Semiconductor","ON","20.0417","67.34","United States"
"155","LiveChat Software","LVC.WA","20.0763","21.79","Poland"
"156","Core Scientific","CORZ","20.1183","2.99","United States"
"157","Netflix","NFLX","20.3389","233.49","United States"
"158","Asure Software","ASUR","20.4","5.18","United States"
"159","Axcelis Technologies","ACLS","20.4054","75.5","United States"
"160","People Can Fly","PCF.WA","21.1814","10.82","Poland"
"161","Markforged","MKFG","21.2086","2.76","United States"
"162","Oracle Corp Japan","4716.T","21.2583","63.02","Japan"
"163","Allegro.eu","ALE.WA","21.2999","5.55","Poland"
"164","IBM","IBM","21.3215","132.61","United States"
"165","Futu Holdings","FUTU","21.3692","40.36","Hong Kong"
"166","Liquidity Services","LQDT","21.5618","19.17","United States"
"167","SS&C Technologies","SSNC","21.5893","60.45","United States"
"168","Revolve","RVLV","21.6232","29.84","United States"
"169","Zebra Technologies","ZBRA","21.6461","330.32","United States"
"170","Alphabet (Google)","GOOG","21.699","118.14","United States"
"171","Rohm","6963.T","21.7407","75.97","Japan"
"172","Quick Heal","QUICKHEAL.NS","22.2418","2.65","India"
"173","SMART Global Holdings","SGH","22.4162","19.37","United States"
"174","NetEase","NTES","22.4602","89.46","China"
"175","OpenText","OTEX","22.5517","39.24","Canada"
"176","Nintendo","7974.T","22.561","427.33","Japan"
"177","1-800-PetMeds","PETS","22.9271","21.99","United States"
"178","Genpact","G","23.1791","46.62","Bermuda"
"179","Juniper Networks","JNPR","23.425","28.11","United States"
"180","Delta Electronics","2308.TW","23.5796","8.81","Taiwan"
"181","Infineon","IFX.DE","23.6306","28.09","Germany"
"182","Nucleus Software Exports","NUCLEUS.NS","23.6827","5.25","India"
"183","Accelya","ACCELYA.NS","24.068","13.37","India"
"184","Alibaba","BABA","24.0742","90.84","China"
"185","CyberOptics","CYBE","24.1","53.03","United States"
"186","51job","JOBS","24.2937","60.9","China"
"187","Dropbox","DBX","24.3163","23.83","United States"
"188","Onto Innovation","ONTO","24.4224","85.11","United States"
"189","Gree","3632.T","24.6193","6.15","Japan"
"190","Karooooo","KARO","24.7271","27.95","Singapore"
"191","Getnet","GET","24.9233","1.75","Brazil"
"192","SAP","SAP","24.9572","94.33","Germany"
"193","Akamai","AKAM","25.4301","96.38","United States"
"194","Activision Blizzard","ATVI","25.4717","81","United States"
"195","ASM International","ASM.AS","25.4909","304.88","Netherlands"
"196","Broadcom","AVGO","25.9653","545.53","United States"
"197","Tokyo Electron","8035.T","26.1264","368.02","Japan"
"198","CDK Global","CDK","26.201","54.76","United States"
"199","Trend Micro","4704.T","26.5341","55.98","Japan"
"200","Apple","AAPL","26.5491","164.87","United States"
"201","Zoom","ZM","27.1253","114.74","United States"
"202","Bandai Namco","7832.T","27.1627","74.2","Japan"
"203","Silicom","SILC","27.5695","41.7","Israel"
"204","Disco Corp.","6146.T","27.7121","251.02","Japan"
"205","Appirits","4174.T","27.9928","6.89","Japan"
"206","PTC","PTC","28.0117","119.33","United States"
"207","Power Integrations","POWI","28.5474","81.36","United States"
"208","Schneider Electric","SU.PA","28.5614","134.99","France"
"209","Pinduoduo","PDD","28.7607","47.67","China"
"210","Microsoft","MSFT","28.899","280.32","United States"
"211","PayPal","PYPL","28.994","96.26","United States"
"212","geechs","7060.T","29.0421","6.96","Japan"
"213","Teradata","TDC","29.0579","35.16","United States"
"214","Veeco","VECO","29.2667","21.97","United States"
"215","Advantech","2395.TW","29.3998","11.54","Taiwan"
"216","Pushpay Holdings","PPH.NZ","29.682","0.84","New Zealand"
"217","Keysight","KEYS","29.7424","166.22","United States"
"218","Vmware","VMW","30.0205","117.21","United States"
"219","F5 Networks","FFIV","30.0792","170.85","United States"
"220","CSG International","CSGS","30.2849","56.3","United States"
"221","Software AG","SOW.F","30.384","27.67","Germany"
"222","Microchip Technology","MCHP","30.4292","70.9","United States"
"223","Oracle","ORCL","30.588","76.47","United States"
"224","ZOZO","3092.T","30.9831","23.77","Japan"
"225","Entegris","ENTG","31.0691","103.46","United States"
"226","Formosa Sumco Technology","3532.TW","31.4052","5.81","Taiwan"
"227","Topicus","TOI.V","31.4623","62.25","Canada"
"228","Corsair Gaming","CRSR","31.5094","16.7","United States"
"229","FICO","FICO","31.7262","489.84","United States"
"230","Fiserv","FISV","33.6421","104.99","United States"
"231","Park City Group","PCYG","33.75","5.4","United States"
"232","Silergy","6415.TW","34.0285","19.19","China"
"233","System1","SST","34.0358","8.72","United States"
"234","Nordic Semiconductor","NOD.OL","34.5098","17.61","Norway"
"235","Etsy","ETSY","34.5617","111.98","United States"
"236","Take 2 Interactive","TTWO","34.6713","125.51","United States"
"237","Trimble","TRMB","35.1753","68.24","United States"
"238","TeamViewer","TMV.DE","35.3189","10.94","Germany"
"239","Automatic Data Processing","ADP","35.3642","248.61","United States"
"240","Temenos","TEMN.SW","35.6174","81.98","Switzerland"
"241","Lumentum","LITE","36.0117","92.19","United States"
"242","CleanSpark","CLSK","36.4198","4.94","United States"
"243","ASML","ASML","36.8217","572.75","Netherlands"
"244","AMD","AMD","36.9262","100.07","United States"
"245","Global Payments","GPN","36.9543","129.33","United States"
"246","Protolabs","PRLB","37.0873","46.58","United States"
"247","Align Technology","ALGN","37.285","293.06","United States"
"248","Carsales","CAR.AX","37.3974","14.78","Australia"
"249","M3, Inc","2413.T","37.6718","34.2","Japan"
"250","IQVIA","IQV","38.2869","233.66","United States"
"251","Citrix Systems","CTXS","38.833","102.29","United States"
"252","Materialise NV","MTLS","39.7852","13.42","Belgium"
"253","FactSet","FDS","40.662","423.55","United States"
"254","Arista Networks","ANET","41.0873","124.71","United States"
"255","ACM Research","ACMR","41.8015","18.88","United States"
"256","Allegro MicroSystems","ALGM","41.9032","25.98","United States"
"257","Adobe","ADBE","42.128","434.34","United States"
"258","Aehr Test Systems","AEHR","42.7143","14.94","United States"
"259","Jack Henry &amp; Associates","JKHY","43.0892","210.93","United States"
"260","Drecom","3793.T","43.3336","5.47","Japan"
"261","GoDaddy","GDDY","44.0611","79.33","United States"
"262","IndiaMART","INDIAMART.NS","44.8574","56.41","India"
"263","Chindata","CD","45.7385","7","China"
"264","Chegg","CHGG","45.8163","22.44","United States"
"265","Newegg","NEGG","46.2251","3.83","United States"
"266","NVIDIA","NVDA","46.9472","177.93","United States"
"267","Electronic Arts","EA","47.3105","131.05","United States"
"268","KPIT Technologies","KPITTECH.NS","48.5123","6.68","India"
"269","11 bit studios","11B.WA","48.7332","111.36","Poland"
"270","Avast","AV2.F","48.8235","8.31","Czech Republic"
"271","American Software","AMSWA","48.9459","18.08","United States"
"272","Mitek Systems","MITK","49","11.26","United States"
"273","Analog Devices","ADI","49.3989","175.86","United States"
"274","Doximity","DOCS","50.725","40.61","United States"
"275","AspenTech","AZPN","51.2469","207.55","United States"
"276","Qualys","QLYS","51.8008","127.43","United States"
"277","Intuit","INTU","52.2688","466.76","United States"
"278","CyberAgent","4751.T","52.5397","10.72","Japan"
"279","Paradox Interactive","PDX.ST","52.6002","16.88","Sweden"
"280","Nemetschek","NEM.F","52.6699","73.74","Germany"
"281","Keyence","6861.T","52.9587","410.97","Japan"
"282","Infibeam Avenues","INFIBEAM.NS","53.114","0.19","India"
"283","Razer","RAZFF","54","0.27","United States"
"284","Ansys","ANSS","54.3558","282.65","United States"
"285","Synopsys","SNPS","56.3742","372.07","United States"
"286","CD Projekt","CDR.WA","57.3928","19.91","Poland"
"287","Qt Group","QTCOM.HE","60.3864","63.61","Finland"
"288","Digital Turbine","APPS","62.3684","23.7","United States"
"289","Nuvei","NVEI","62.7761","42.06","Canada"
"290","Endava","DAVA","63.5597","107.23","United Kingdom"
"291","Soitec","SOI.PA","63.9423","164.27","France"
"292","Cadence Design Systems","CDNS","64.6772","184.33","United States"
"293","Harmonic","HLIT","65.2941","11.09","United States"
"294","Fidelity National Information Services","FIS","65.8255","98.08","United States"
"295","Amazon","AMZN","65.9461","139.41","United States"
"296","Omnicell","OMCL","66.3455","109.47","United States"
"297","SiTime","SITM","67.5849","143.28","United States"
"298","Fortinet","FTNT","68.0102","53.32","United States"
"299","Descartes Systems","DSGX","68.4623","72.57","Canada"
"300","NCR Corporation","NCR","68.58","34.29","United States"
"301","NICE","NICE","70.6435","223.94","Israel"
"302","secunet","YSN.F","71.5506","296.22","Germany"
"303","Telus International","TIXT","71.7143","30.12","Canada"
"304","Monotaro","3064.T","73.4146","19.04","Japan"
"305","trivago","TRVG","74.8403","1.73","Germany"
"306","Expedia Group","EXPE","75.2714","105.38","United States"
"307","Atoss","AOF.F","77.0274","158.05","Germany"
"308","Lattice Semiconductor","LSCC","77.0843","63.98","United States"
"309","CI&amp;T","CINT","77.1641","14.38","Brazil"
"310","Zalando","ZAL.DE","78.1063","31.96","Germany"
"311","IronSource","IS","78.5149","4.73","Israel"
"312","Roku","ROKU","78.8679","83.6","United States"
"313","Natural Health Trends","NHTC","80","5.65","United States"
"314","EaseMyTrip","EASEMYTRIP.NS","80.3161","5.21","India"
"315","Jubilant FoodWorks","JUBLFOOD.NS","81.3711","7.13","India"
"316","Veeva Systems","VEEV","84.2015","225.66","United States"
"317","CoStar Group","CSGP","86.75","72.87","United States"
"318","Dassault Systèmes","DSY.PA","87.4591","43.45","France"
"319","Globant","GLOB","87.5243","233.42","Luxembourg"
"320","Monolithic Power Systems","MPWR","89.4023","535.52","United States"
"321","Airbnb","ABNB","89.7829","115.82","United States"
"322","Xunlei","XNET","89.9172","1.65","China"
"323","Tesla","TSLA","93.7858","871.27","United States"
"324","Tyler Technologies","TYL","95.4286","414.07","United States"
"325","Paycom","PAYC","95.862","367.99","United States"
"326","Plantronics","POLY","97.0488","39.8","United States"
"327","Tata Elxsi","TATAELXSI.NS","98.6062","120.06","India"
"328","SPS Commerce","SPSC","98.7121","130.3","United States"
"329","Equinix","EQIX","98.728","697.02","United States"
"330","Autodesk","ADSK","98.9641","220.69","United States"
"331","Sylogist","SYZ.TO","101.559","5.61","Canada"
"332","Digi International","DGII","101.636","33.53","United States"
"333","dLocal","DLO","103.987","31.3","Uruguay"
"334","MapmyIndia","MAPMYINDIA.NS","110.01","16.93","India"
"335","Simulations Plus","SLP","111.322","65.61","United States"
"336","Constellation Software","CSU.TO","124.17","1667.35","Canada"
"337","Datto","MSP","130.296","35.18","United States"
"338","Bentley Systems","BSY","135.767","40.73","United States"
"339","WiseTech Global","WTC.AX","147.48","36.92","Australia"
"340","Booking.com","BKNG","155.222","1955.8","United States"
"341","Paylocity","PCTY","164.025","260.8","United States"
"342","ZoomInfo","ZI","165.517","48","United States"
"343","QuinStreet","QNST","169.857","11.89","United States"
"344","Mimecast","MIME","170.043","79.92","United Kingdom"
"345","Adyen","ADYEN.AS","174.726","1855.82","Netherlands"
"346","AMEC","688012.SS","178.074","21.47","China"
"347","Salesforce","CRM","180.733","189.75","United States"
"348","Enphase Energy","ENPH","190.556","287.74","United States"
"349","N-Able","NABL","194.542","10.22","United States"
"350","Tucows","TCX","213.818","46.88","Canada"
"351","Agilysys","AGYS","228.864","50.31","United States"
"352","Dynatrace","DT","229.624","42.06","United States"
"353","Sega Sammy Holdings","6460.T","232.969","14.74","Japan"
"354","eGain","EGAN","238","9.52","United States"
"355","Lasertec","6920.T","239.598","159.57","Japan"
"356","Kinaxis","KXS.TO","241.654","126.28","Canada"
"357","The Trade Desk","TTD","261.762","54.97","United States"
"358","MercadoLibre","MELI","279.087","1024.25","Argentina"
"359","Nazara Technologies","NAZARA.NS","297.783","8.34","India"
"360","GlobalFoundries","GFS","307.576","59.19","United States"
"361","TechTarget","TTGT","316.091","69.54","United States"
"362","CEVA","CEVA","377.4","37.7","United States"
"363","Identiv","INVE","390.25","15.58","United States"
"364","Adevinta","ADE.OL","419.323","8.12","Norway"
"365","ServiceNow","NOW","532.828","494.95","United States"
"366","Exclusive Networks","EXN.PA","576.39","16.82","France"
"367","Xero","XRO.AX","671.35","65.67","New Zealand"
"368","DoubleVerify","DV","730.176","26.54","United States"
"369","Kakao Pay","377300.KS","861.371","54.47","South Korea"
"370","EVO Payments","EVOP","1115.89","33.45","United States"
"371","Nykaa","NYKAA.NS","1284.41","17.79","India"
"372","Team17","TM17.L","2344.98","543.54","United Kingdom"
"373","Frontier Developments","FDEV.L","2373.24","1864.96","United Kingdom"
"374","Sage Group","SGE.L","2515.32","889.48","United Kingdom"
"375","Softcat","SCT.L","2558.37","1721.22","United Kingdom"
"376","Kainos Group","KNOS.L","3746.05","1674.12","United Kingdom"
"377","Bytes Technology","BYIT.L","4479.28","533.4","United Kingdom"
"378","Chewy","CHWY","4776","47.71","United States"
"379","Datadog","DDOG","3.25642e19","112.98","United States"
"380","Shopify","SHOP","-80.121","39.77","Canada"
"381","Atlassian","TEAM","-97.3345","279.35","Australia"
"382","Wix.com","WIX","-14.6721","72.48","Israel"
"383","Fiverr","FVRR","-24.3029","42.58","Israel"
"384","Yandex","YNDX.ME","-70.4284","33.05","Netherlands"
"385","Baidu","BIDU","-18.328","136.4","China"
"386","Block","SQ","-856.759","85.5","United States"
"387","Snap","SNAP","-20.0192","10.41","United States"
"388","CrowdStrike","CRWD","-239.899","189.52","United States"
"389","RingCentral","RNG","-9.16169","52.15","United States"
"390","Coupa","COUP","-16.0248","77.56","United States"
"391","Palo Alto Networks","PANW","-125.897","501.07","United States"
"392","Teladoc Health","TDOC","-0.63127","38.79","United States"
"393","Zscaler","ZS","-62.9775","168.15","United States"
"394","Fastly","FSLY","-5.96535","12.04","United States"
"395","Cloudflare","NET","-88.7229","73.68","United States"
"396","Five9","FIVN","-107.22","116.87","United States"
"397","Uber","UBER","-9.83025","31.85","United States"
"398","Lyft","LYFT","-6.95789","19.83","United States"
"399","Snowflake","SNOW","-80.9621","170.85","United States"
"400","Unity Software","U","-23.681","49.76","United States"
"401","Palantir","PLTR","-39.28","9.82","United States"
"402","Xperi","XPER","-48.2353","16.41","United States"
"403","OPTiM","3694.T","-268.263","6.64","Japan"
"404","Opera","OPRA","-21.625","5.18","Norway"
"405","Locaweb","LWSA3.SA","-1427.96","1.7","Brazil"
"406","Stitch Fix","SFIX","-8.89024","7.27","United States"
"407","Sprout Social","SPT","-108.915","64.26","United States"
"408","Ambarella","AMBA","-122.764","88.39","United States"
"409","Vuzix","VUZI","-12.6857","8.87","United States"
"410","Quantum","QMCO","-3.58182","1.95","United States"
"411","3i Infotech","3IINFOLTD.NS","-21.0551","0.52","India"
"412","Jump Networks","JUMPNET.NS","0","0.12","India"
"413","Vivint Smart Home","VVNT","-4.53791","5.35","United States"
"414","Paysign","PAYS","-56.6341","2.15","United States"
"415","Intellicheck","IDN","-11.4348","2.61","United States"
"416","Renren","RENN","-64.0444","28.84","China"
"417","Pixelworks","PXLW","-7.77419","2.42","United States"
"418","Energous","WATT","-2.3","1.38","United States"
"419","Synchronoss","SNCR","-2.39189","1.78","United States"
"420","Lantronix","LTRX","-25.1724","7.32","United States"
"421","American Virtual Cloud","AVCT","-0.0519878","0.17","United States"
"422","Pareteum Corporation","TEUM","-0","0","United States"
"423","ServiceSource","SREV","-16.6667","1.5","United States"
"424","Rekor Systems","REKR","-2.36709","1.86","United States"
"425","Verb Technology","VERB","-0.982759","0.57","United States"
"426","Exela Technologies","XELA","-0.0555556","1.5","United States"
"427","Inpixon","INPX","-0.355556","0.16","United States"
"428","Ekso Bionics","EKSO","-2.44048","2.04","United States"
"429","SeaChange","SEAC","-4.78778","0.6","United States"
"430","Phunware","PHUN","-3.8","1.71","United States"
"431","Cemtrex","CETX","-1.65","0.33","United States"
"432","ReWalk Robotics","RWLK","-4.07692","1.05","Israel"
"433","Foresight Autonomous Holdings","FRSX","-3.61516","0.69","Israel"
"434","Quicklogic","QUIK","-15.4615","7.93","United States"
"435","Digimarc","DMRC","-7.01515","18.55","United States"
"436","NETGEAR","NTGR","-12.9082","25.29","United States"
"437","Diebold Nixdorf","DBD","-1.44136","4.67","United States"
"438","Domo","DOMO","-9.39944","33.57","United States"
"439","Model N","MODN","-33.8333","26.37","United States"
"440","Stratasys","SSYS","-15.813","19.45","United States"
"441","Micro Focus","MFGP","0","3.47","United Kingdom"
"442","Avaya Holdings","AVYA","-3.7","1.12","United States"
"443","Qualtrics","XM","-6.32227","13.34","United States"
"444","SolarWinds","SWI","-31.7742","9.83","United States"
"445","Benefitfocus","BNFT","-6.23077","7.35","United States"
"446","Kuaishou Technology","1024.HK","-2.01786","9.85","China"
"447","BIO-key International","BKYI","-3.10606","2.03","United States"
"448","Qudian","QD","-52.7079","1.1","China"
"449","Secureworks","SCWX","-15","9.9","United States"
"450","Geospace Technologies","GEOS","-4.5463","4.96","United States"
"451","Lightspeed POS","LSPD","-11.5644","23.38","Canada"
"452","Spok Holdings","SPOK","-5.46825","6.88","United States"
"453","ShotSpotter","SSTI","-95.1429","33.16","United States"
"454","Arlo Technologies","ARLO","-11.6562","7.44","United States"
"455","Clarivate","CLVT","-55.9497","14.46","United Kingdom"
"456","Zuora","ZUO","-11.6145","9.63","United States"
"457","CalAmp","CAMP","-4.63889","5.03","United States"
"458","American Well","AMWL","-6.53165","5.16","United States"
"459","SOS Limited","SOS","-0.0230824","9.91","China"
"460","DiDi","DIDIY","-0.33402","2.89","China"
"461","Paysafe","PSFE","-1.36128","2.29","United States"
"462","SoFi","SOFI","-9.73171","7.98","United States"
"463","IMTE","IMTE","-1.01585","1.83","Australia"
"464","AST SpaceMobile","ASTS","-12.9629","7.55","United States"
"465","Marin Software","MRIN","-2.14286","1.95","United States"
"466","Robinhood","HOOD","-2.96641","10.68","United States"
"467","Talkspace","TALK","-1.24823","1.75","United States"
"468","EverCommerce","EVCM","-14.9215","12.63","United States"
"469","Global-e","GLBE","-29.617","27.84","Israel"
"470","Splunk","SPLK","-15.5758","113.08","United States"
"471","Okta","OKTA","-16.7793","107.22","United States"
"472","UiPath","PATH","-28.4935","21.94","United States"
"473","SentinelOne","S","-19.0839","27.26","United States"
"474","Nutanix","NTNX","-3.71245","17.3","United States"
"475","Yonyou","600588.SS","-98.3702","3.22","China"
"476","nCino","NCNO","-59.1111","37.24","United States"
"477","Workday","WDAY","-1668","166.8","United States"
"478","Confluent","CFLT","-21.661","33.56","United States"
"479","Box","BOX","-94.4062","30.21","United States"
"480","New Relic","NEWR","-17.3119","67.17","United States"
"481","Anaplan","PLAN","-46.1812","63.73","United States"
"482","Pure Storage","PSTG","-119.48","29.86","United States"
"483","Rapid7","RPD","-23.4021","66.93","United States"
"484","SailPoint","SAIL","-76.5833","64.33","United States"
"485","BlackBerry","BB","-38.4444","6.9","Canada"
"486","Zendesk","ZEN","-38.115","76.21","United States"
"487","Tenable","TENB","-60.1111","43.28","United States"
"488","Faro Technologies","FARO","-14.2087","36.04","United States"
"489","Wolters Kluwer","WOSB.F","0","106.76","Netherlands"
"490","DocuSign","DOCU","-165.156","74.32","United States"
"491","AVEVA","AVV.L","0","2834.88","United Kingdom"
"492","Verint Systems","VRNT","-413.114","46.71","United States"
"493","Blackbaud","BLKB","-713.75","57.1","United States"
"494","Sabre","SABR","-3.72637","7.49","United States"
"495","Pegasystems","PEGA","-58.6203","40.72","United States"
"496","Alteryx","AYX","-17.3664","62.98","United States"
"497","MicroStrategy","MSTR","-6.07418","330.01","United States"
"498","MongoDB","MDB","-75.1467","363.71","United States"
"499","Elastic NV","ESTC","-39.9","87.8","United States"
"500","Smartsheet","SMAR","-22.441","36.11","United States"
"501","LivePerson","LPSN","-7.05983","16.57","United States"
"502","Bottomline Technologies","EPAY","-149.974","56.99","United States"
"503","Tufin","TUFN","-11.4037","12.41","Israel"
"504","Smith Micro Software","SMSI","-4.8125","3.07","United States"
"505","Iteris","ITI","-18.625","2.97","United States"
"506","Ceridian","CDAY","-120","66","United States"
"507","Avalara","AVLR","-62.4898","91.86","United States"
"508","HubSpot","HUBS","-281.248","385.22","United States"
"509","Twilio","TWLO","-15.9153","86.48","United States"
"510","Vonage Holdings Corp.","VG","-123.65","20.99","United States"
"511","Marvell Technology Group","MRVL","-91.1311","55.59","United States"
"512","AgEagle Aerial Systems","UAVS","-2.66667","0.72","United States"
"513","Veritone","VERI","-4.82828","9.55","United States"
"514","Unisys","UIS","-2.22973","11.5","United States"
"515","Comtech Telecommunications","CMTL","-10.7545","11.86","United States"
"516","DigitalOcean","DOCN","-149.719","47.87","United States"
"517","Procore","PCOR","-19.1377","63.9","United States"
"518","Jamf","JAMF","-32.963","26.7","United States"
"519","Ceragon Networks","CRNT","-14.2381","2.66","Israel"
"520","Tabula Rasa HealthCare","TRHC","-1.38874","5.17","United States"
"521","Youdao","DAO","-4.75567","4.63","China"
"522","Twitter","TWTR","-330.308","42.94","United States"
"523","monday.com","MNDY","-33.2296","150.53","Israel"
"524","Upland Software","UPLD","-6.02551","11.78","United States"
"525","Sierra Wireless","SWIR","-15.901","30.53","Canada"
"526","Jfrog","FROG","-32.2692","25.17","United States"
"527","Jingdong Mall","JD","-63.7868","58.84","China"
"528","Coupang","CPNG","-22.8571","19.2","South Korea"
"529","JD Health","6618.HK","-6.54726","7.83","China"
"530","Wayfair","W","-16.191","71.85","United States"
"531","Rakuten","4755.T","-4.88883","5","Japan"
"532","ContextLogic (wish.com)","WISH","-4.02174","1.85","United States"
"533","Mercari","4385.T","-46.9805","17.06","Japan"
"534","BigCommerce","BIGC","-17.9364","19.74","United States"
"535","Cimpress","CMPR","-19.3883","39.9","Ireland"
"536","Jumia","JMIA","-2.59048","7.09","Germany"
"537","The Original BARK Company","BARK","-2.97932","1.75","United States"
"538","The RealReal","REAL","-1.40467","3.61","United States"
"539","Mister Spex","MRX.F","-1.79787","4.71","Germany"
"540","CarParts.com","PRTS","-128.286","8.97","United States"
"541","Super League Gaming","SLGG","-1.51471","1.03","United States"
"542","Vinco Ventures","BBIG","-0.0372899","0.71","United States"
"543","Hippo","HIPO","-0.375889","0.84","United States"
"544","IronNet","IRNT","-0.810403","2.58","United States"
"545","Asana","ASAN","-15.0395","26.58","United States"
"546","Doma","DOMA","-1.93173","0.77","United States"
"547","Spire Global","SPIR","-4.6443","1.53","United States"
"548","SmartRent","SMRT","-8.92325","5.46","United States"
"549","Nano Dimension","NNDM","-3.88506","3.38","United States"
"550","Blend Labs","BLND","-3.17647","3.23","United States"
"551","BIT Mining (500.com)","BTCM","-4.46287","0.73","China"
"552","stem","STEM","-4.15924","14.84","United States"
"553","Focus Universal","FCUV","-155.9","15.61","United States"
"554","Sprinklr","CXM","-23.2727","12.8","United States"
"555","Genius Sports","GENI","-0.969543","3.82","United Kingdom"
"556","Velodyne Lidar","VLDR","-1.11404","1.27","United States"
"557","Baozun","BZUN","-12.0281","9.15","China"
"558","Riskified","RSKD","-4.31962","5.36","Israel"
"559","AEye","LIDR","-4.54103","2.46","United States"
"560","Innoviz","INVZ","-4.48998","5.24","Israel"
"561","Ouster","OUST","-2.67692","1.74","United States"
"562","Aterian","ATER","-0.567619","2.98","United States"
"563","Matterport","MTTR","-3.99017","5.13","United States"
"564","Paya","PAYA","0","7.25","United States"
"565","PowerSchool","PWSC","-52.156","15.46","United States"
"566","CS Disco","LAW","-46.2382","28","United States"
"567","tuya","TUYA","-5.22857","1.83","China"
"568","Semrush","SEMR","-243.131","13.73","United States"
"569","Instructure Holdings","INST","-56.0198","25","United States"
"570","ForgeRock","FORG","-24.0577","22.62","United States"
"571","Rockley Photonics","RKLY","-1.66393","2.05","United Kingdom"
"572","EngageSmart","ESMT","-377.129","21.41","United States"
"573","Nerdy","NRDY","-11.1361","2.93","United States"
"574","nLIGHT","LASR","-16.9333","12.72","United States"
"575","Trip.com","TCOM","-31.6244","25.42","China"
"576","MakeMyTrip","MMYT","-69.5","31.97","India"
"577","Despegar","DESP","-5.39996","8.3","Argentina"
"578","Marathon Digital Holdings","MARA","-25.75","14.43","United States"
"579","Duck Creek Technologies","DCT","-177.125","14.14","United States"
"580","Repay Holdings","RPAY","-54.44","13.59","United States"
"581","UpHealth","UPH","-0.27451","0.7","United States"
"582","Certara","CERT","-301.625","24.13","United States"
"583","Sumo Logic","SUMO","-7.02542","8.28","United States"
"584","Pintec Technology","PT","-0.372756","1.14","China"
"585","Meituan","3690.HK","-82.3143","22.88","China"
"586","Rackspace Technology","RXT","-7.66304","7.04","United States"
"587","Vertex","VERX","-479.377","12.68","United States"
"588","Sphere 3D","ANY","-0.973684","0.72","Canada"
"589","GitLab","GTLB","-50.0579","66.62","United States"
"590","OVH Groupe","OVH.PA","-193.803","15.9","France"
"591","Phreesia","PHR","-8.3961","25.8","United States"
"592","Telos","TLS","-10.8889","8.82","United States"
"593","Toast","TOST","-13.4664","17.64","United States"
"594","AppLovin","APP","-211.798","40.14","United States"
"595","Zillow","ZG","-17.5586","38.98","United States"
"596","Marqeta","MQ","-19.8364","10.91","United States"
"597","Freshworks","FRSH","-0.638421","15.9","United States"
"598","Ozon","OZON.ME","-2.66916","11.6","United States"
"599","Wolfspeed","WOLF","-27.1975","88.2","United States"
"600","Grom Social Enterprises","GROM","-0.333333","0.4","United States"
"601","Valens Semiconductor","VLN","-1.79508","3.87","Israel"
"602","Bakkt Holdings","BKKT","-0.819778","3.25","United States"
"603","Versus Systems","VS","-0.541328","0.4","Canada"
"604","TuSimple","TSP","-2.02514","9.53","United States"
"605","Remitly","RELY","-15.9034","11.15","United States"
"606","Udemy","UDMY","-19.147","14.45","United States"
"607","Missfresh","MF","-0.0251021","0.17","China"
"608","IonQ","IONQ","-11.6975","6.13","United States"
"609","VTEX","VTEX","-13.6462","4.93","United Kingdom"
"610","OLB Group","OLB","-3.40426","1.62","United States"
"611","Lemonade","LMND","-6.32","25.11","United States"
"612","NerdWallet","NRDS","-12.0122","9.81","United States"
"613","Cian","CIAN","-0.180206","3.4","Russia"
"614","Kidpik","PIK","-2.66974","2.09","United States"
"615","Backblaze","BLZE","-5.96401","6.96","United States"
"616","Expensify","EXFY","-23.6448","21.67","United States"
"617","Arteris","AIP","-9.50364","8.89","United States"
"618","KORE","KORE","-5.47145","2.73","United States"
"619","Informatica","INFA","-63.4659","22.85","United States"
"620","Cyngn","CYN","-3.68447","1.27","United States"
"621","Stronghold Digital Mining","SDIG","-2.17734","2.83","United States"
"622","BlackSky Technology","BKSY","-0.417957","2.7","United States"
"623","Onion Global","OG","-1.60002","0.82","China"
"624","Olo","OLO","-73.4444","13.23","United States"
"625","KnowBe4","KNBE","-170.545","18.76","United States"
"626","Microvision","MVIS","-17.7419","5.47","United States"
"627","OneConnect","OCFT","-2.39205","1.33","China"
"628","Paytm","PAYTM.NS","-24.9361","10.49","India"
"629","Weave Communications","WEAV","-5.38826","5.14","United States"
"630","Mynaric","MYNA","-3.93317","8.2","Germany"
"631","Redfin","RDFN","-7.47531","12.09","United States"
"632","Varonis","VRNS","-25.7107","31.11","United States"
"633","CyberArk","CYBR","-51.5918","137.75","Israel"
"634","Braze","BRZE","-40.7171","49.22","United States"
"635","UserTesting","USER","-3.16667","4.7","United States"
"636","Blackboxstocks","BLBX","-7.85136","1.3","United States"
"637","Marpai","MRAI","-0.816342","0.88","United States"
"638","Winc","WBEV","-1.14652","1.64","United States"
"639","AvePoint","AVPT","-13.9064","5.42","United States"
"640","Advanced Human Imaging","AHI","-0.882753","0.51","Australia"
"641","Darktrace","DARK.L","-1581","458.63","United Kingdom"
"642","VIZIO","VZIO","-48.3636","10.64","United States"
"643","Squarespace","SQSP","-6.79646","23.05","United States"
"644","23andMe","ME","-6.0303","3.98","United States"
"645","E2open","ETWO","-6.72727","7.4","United States"
"646","ZipRecruiter","ZIP","-100.907","20.11","United States"
"647","Momentive Global","MNTV","-9.14773","8.03","United States"
"648","Flywire","FLYW","-52.5652","24.18","United States"
"649","Similarweb","SMWB","-7.09836","8.6","Israel"
"650","Zeta Global","ZETA","-2.07396","7.01","United States"
"651","Poshmark","POSH","-25.42","12.69","United States"
"652","Cazoo","CZOO","-5.10577","0.96","United Kingdom"
"653","C3 AI","AI","-11.9838","22.17","United States"
"654","HashiCorp","HCP","-11.3994","39.67","United States"
"655","Playtech","PTEC.L","-459.517","563.11","Isle of Man"
"656","Entain","ENT.L","0","1599.23","Isle of Man"
"657","Greenidge Generation Holdings","GREE","-3.07586","3.83","United States"
"658","Samsara","IOT","-12.8906","16.48","United States"
"659","Nextdoor","KIND","-12.2704","3.87","United States"
"660","Vimeo","VMEO","-14.1176","7.21","United States"
"661","Navitas Semiconductor","NVTS","-2.87256","4.94","Ireland"
"662","Payoneer","PAYO","-8.95566","5.62","United States"
"663","Cerberus Cyber Sentinel","CISO","-28.4167","3.42","United States"
"664","Alkami Technology","ALKT","-25.7241","14.93","United States"
"665","LifeStance Health Group","LFST","-8.48624","7.4","United States"
"666","AppTech Payments","APCX","-0.0978472","0.75","United States"
"667","Justworks","JW","0","0","United States"
"668","Paycor","PYCR","-42.4933","32.36","United States"
"669","Credo Technology","CRDO","-80.1523","15.79","United States"
"670","BrainChip","BRN.AX","-44.8864","0.79","Australia"
"671","WalkMe","WKME","-6.46023","11.38","Israel"
"672","Grid Dynamics","GDYN","-149.846","19.5","United States"
"673","Dave Inc.","DAVE","-37.9639","0.72","United States"
"674","Babylon Holdings","BBLN","-0.911874","0.98","United Kingdom"
"675","Clearwater Analytics","CWAN","-533.459","14.65","United States"
"676","Nexters","GDEV","-8.19387","6.38","Cyprus"
"677","Sea (Garena)","SE","-21.1683","85.54","Singapore"
"678","Skillz","SKLZ","-2.45714","1.72","United States"
"679","Embracer Group","EMBRAC-B.ST","-24.5123","7.86","Sweden"
"680","Taboola.com","TBLA","-2.13576","2.74","United States"
"681","Exscientia","EXAI","-10.127","11.58","United Kingdom"
"682","Luminar Technologies","LAZR","-10.9861","7.91","United States"
"683","Aeva Technologies","AEVA","-8.24074","4.46","United States"
"684","TeraWulf","WULF","0","1.59","United States"
"685","Delivery Hero","DHER.F","-64.4573","50.73","Germany"
"686","Grab Holdings","GRAB","-4.0577","3.74","Singapore"
"687","DoorDash","DASH","-49.3791","75.54","United States"
"688","Zomato","ZOMATO.NS","-36.607","0.7","India"
"689","Alight","ALIT","-25.8581","8.17","United States"
"690","Hims &amp; Hers Health","HIMS","-18.4722","6.67","United States"
"691","Sterling Check","STER","-115.438","19.89","United States"
"692","Vacasa","VCSA","-27.8776","3","United States"
"693","LegalZoom","LZ","-14.1169","10.87","United States"
"694","Just Eat Takeaway","TKWY.AS","-14.0112","18.46","Netherlands"
"695","ATARI","ATA.PA","0","0.15","France"
"696","Zhihu","ZH","-3.2165","1.32","China"
"697","Docebo","DCBO","-79.8","35.93","Canada"
"698","Intapp","INTA","-8.10152","15.94","United States"
"699","Couchbase","BASE","-6.36806","18.29","United States"
"700","MYT Netherlands Parent (Mytheresa)","MYTE","-62.0783","15.2","Germany"
"701","Rover","ROVR","-6.3667","3.85","United States"
"702","Spotify","SPOT","-887.395","119.7","Sweden"
"703","The9","NCTY","-0.0176317","1.55","China"
"704","Starbreeze","STAR-B.ST","-4.87895","0.09","Sweden"
"705","Velo3D","VLD","-0.820612","3.64","United States"
"706","Focus Home Interactive","ALFOC.PA","0","46.09","France"
"707","Neowiz Games","095660.KQ","0","22.47","South Korea"
"708","Webzen","069080.KQ","0","15.23","South Korea"
"709","Wemade","112040.KQ","0","55.4","South Korea"
"710","Com2uS","078340.KQ","0","64.78","South Korea"
"711","Latch","LTCH","-0.706374","1.13","United States"
"712","PDF Solutions","PDFS","-56.0833","26.96","United States"
"713","Porch Group","PRCH","-5.15686","2.62","United States"
"714","PAR Technology","PAR","-14.3841","45.43","United States"
"715","Amplitude","AMPL","-12.9234","18.46","United States"
"716","Arqit Quantum","ARQQ","-1.44836","5.74","United Kingdom"
"717","Embark Technology","EMBK","-0.80597","0.54","United States"
"718","Snap One","SNPO","-29.0835","12.6","United States"
"719","Pearl Abyss","263750.KQ","0","46.93","South Korea"
"720","Sema4","SMFR","-4.06929","2.03","United States"
"721","Bird Global","BRDS","-1.23454","0.67","United States"
"722","ThredUp","TDUP","-4.34783","3","United States"
"723","Cognyte Software","CGNT","-8.26968","5.07","Israel"
"724","MediaAlpha","MAX","-36.1154","9.34","United States"
"725","Tricida","TCDA","-3.73356","10.8","United States"
"726","SkyWater Technology","SKYT","-11","17.63","United States"
"727","ANI Pharmaceuticals","ANIP","-7.69316","34.87","United States"
"728","Priority Technology Holdings","PRTH","-11.0227","4.9","United States"
"729","KLab","3656.T","-10.0762","3.28","Japan"
"730","PB Fintech","POLICYBZR.NS","-46.4314","7","India"
"731","gumi","3903.T","-24.0634","5.61","Japan"
"732","enish","3667.T","-4.3563","3.09","Japan"
"733","Arbe Robotics","ARBE","-6.82553","6.14","Israel"
"734","ON24","ONTF","-13.5325","10.43","United States"
"735","Aurora Innovation","AUR","-2.12295","2.59","United States"
"736","CCC Intelligent Solutions","CCCS","-23.4053","9.69","United States"
"737","Méliuz","CASH3.SA","-58.7876","0.26","Brazil"
"738","Wejo Group","WEJO","-0.907465","1.72","United Kingdom"
"739","SOPHiA GENETICS","SOPH","-3.80667","5.1","Switzerland"
"740","UP Fintech (Tiger Brokers)","TIGR","-40.1111","3.59","China"
"741","Lightwave Logic","LWLG","-79.1538","10.28","United States"
"742","Rigetti Computing","RGTI","-19.9067","4.55","United States"
"743","Appian","APPN","-40.0362","55.25","United States"
"744","NeoPhotonics","NPTN","-123.154","16.01","United States"
"745","Red Cat Holdings","RCAT","-4.2449","2.08","United States"
"746","Compugen","CGEN","-3.76923","1.48","Israel"
"747","BitNile","NILE","-2","0.34","United States"
"748","Guardforce AI","GFAI","-1.72222","0.3","Singapore"
"749","Q2","QTWO","-23.0667","45.04","United States"
"750","Rail Vision","RVSN","-1.54303","1.04","Israel"
"751","Coursera","COUR","-11.3445","13.5","United States"
"752","GoTo","GOTO.JK","-19.4092","0.02","Indonesia"
"753","Voyager Digital","VOYG.TO","-0.257426","0.26","United States"
"754","Applied Blockchain","APLD","-2.08991","2.19","United States"
"755","Cvent","CVT","-28.6742","6.3","United States"
"756","Forge Global","FRGE","-83.1141","4.76","United States"
"757","SIGNA Sports United","SSU","-37.0401","5.91","Germany"
"758","Compass","COMP","-3.9913","4.6","United States"
"759","Cyxtera Technologies","CYXT","-8.63917","12.33","United States"
"760","AvidXchange","AVDX","-6.72055","8.4","United States"
"761","Bukalapak.com","BUKA.JK","-17.8565","0.02","Indonesia"
"762","Xerox","XRX","-4.4949","17.62","United States"
"763","Ocado","OCDO.L","-4599.34","1076.46","United Kingdom"
"764","Spirent","SPT.L","0","335.79","United Kingdom"
"765","Cepton","CPTN","-14.3581","1.83","United States"
"766","indie Semiconductor","INDI","-9","7.52","United States"
"767","Playstudios","MYPS","-21.4166","3.73","United States"
"768","Amadeus IT Group","AMS.MC","-480.072","56.35","Spain"
"769","Pear Therapeutics","PEAR","-3.45614","1.95","United States"
"770","NextNav","NN","-0.459138","3.11","United States"
"771","Ubisoft","UBI.PA","0","47.18","France"
"772","Quanergy Systems","QNGY","-1.04745","0.45","United States"
"773","Trainline","TRN.L","-14178.6","472.28","United Kingdom"
"774","THG (The Hut Group)","THG.L","-88.9149","80.01","United Kingdom"
"775","GB Group (GBG)","GBG.L","0","606.35","United Kingdom"
"776","NEXTDC","NXT.AX","-241.799","8.23","Australia"
"777","TomTom","TOM2.AS","-8.64169","9.09","Netherlands"
"778","SaverOne 2014","SVRE","-0.680774","2.51","Israel"
"779","Bilibili","BILI","-9.52193","24.65","China"
"780","Shift Technologies","SFT","-0.71028","1.53","United States"
"781","Cryptyde","TYDE","-18.1667","1.09","United States"
"782","G Medical Innovations","GMVD","-0.235294","0.39","Israel"
"783","Swvl Holdings","SWVL","-6.97617","1.73","United Arab Emirates"
"784","Nano Labs","NA","0","6.34","China"
"785","AMTD Digital","HKD","0","405","Hong Kong"
"786","SoundHound AI","SOUN","0","3.51","United States"
"787","Cipher Mining","CIFR","0","2.12","United States"
"788","Pagaya Technologies","PGY","0","20.94","Israel"
"789","2U","TWOU","-2.48485","9.02","United States"
"790","Trust Stamp","IDAI","0","1.45","United States"
"791","Scienjoy","SJ","0","4.47","China"
"792","LiveRamp","RAMP","-48.18","24.06","United States"
