"Rank","Name","Symbol","revenue_ttm","price (USD)","country"
"1","Amazon","AMZN","485902000000","139.41","United States"
"2","Apple","AAPL","387542000000","164.87","United States"
"3","Alphabet (Google)","GOOG","278139000000","118.14","United States"
"4","Samsung","005930.KS","247228637775","46.78","South Korea"
"5","Foxconn (Hon Hai Precision Industry)","2317.TW","216696349259","3.6","Taiwan"
"6","Microsoft","MSFT","198270000000","280.32","United States"
"7","Jingdong Mall","JD","154137470073","58.84","China"
"8","Alibaba","BABA","127284958747","90.84","China"
"9","Meta Platforms (Facebook)","META","120208000000","170.25","United States"
"10","Dell","DELL","102826000000","45.45","United States"
"11","Tencent","TCEHY","87372553811","37.81","China"
"12","Sony","SONY","82989058328","84.83","Japan"
"13","Intel","INTC","73394000000","35.38","United States"
"14","Lenovo","0992.HK","67673473000","0.91","Hong Kong"
"15","Tesla","TSLA","67166000000","871.27","United States"
"16","LG Electronics","LGLG.F","66056550307","18.25","South Korea"
"17","HP","HPQ","65482000000","33.45","United States"
"18","Panasonic","6752.T","64301999489","8.3","Japan"
"19","TSMC","TSM","58439942454","87.94","Taiwan"
"20","Cisco","CSCO","51581000000","45.02","United States"
"21","Xiaomi","XIACF","50779093749","1.5","China"
"22","IBM","IBM","50609000000","132.61","United States"
"23","Oracle","ORCL","42441000000","76.47","United States"
"24","QUALCOMM","QCOM","42141000000","147.81","United States"
"25","SK Hynix","000660.KS","39515828507","74.09","South Korea"
"26","Schneider Electric","SU.PA","32734994337","134.99","France"
"27","SAP","SAP","32729557838","94.33","Germany"
"28","Micron Technology","MU","32389000000","61.45","United States"
"29","Netflix","NFLX","31030693000","233.49","United States"
"30","Canon","CAJ","30267336923","24.81","Japan"
"31","Broadcom","AVGO","29994000000","545.53","United States"
"32","NVIDIA","NVDA","29541000000","177.93","United States"
"33","Salesforce","CRM","27940000000","189.75","United States"
"34","Hewlett Packard Enterprise","HPE","27925000000","14.4","United States"
"35","Meituan","3690.HK","27723282603","22.88","China"
"36","PayPal","PYPL","26389000000","96.26","United States"
"37","Ericsson","ERIC","26358086956","7.55","Sweden"
"38","Nokia","NOK","25632210515","5.2","Finland"
"39","Uber","UBER","25550000000","31.85","United States"
"40","DiDi","DIDIY","25374057635","2.89","China"
"41","NEC Corp","6701.T","25081443171","36.21","Japan"
"42","Applied Materials","AMAT","24835000000","107.83","United States"
"43","ASE Group","ASX","21831690454","6.06","Taiwan"
"44","AMD","AMD","21576000000","100.07","United States"
"45","ASML","ASML","21345014058","572.75","Netherlands"
"46","ASUS","2357.TW","19940432972","9.44","Taiwan"
"47","Texas Instruments","TXN","19592000000","182.8","United States"
"48","Lumen","LUMN","19022000000","10.97","United States"
"49","MediaTek","2454.TW","18874784917","23.62","Taiwan"
"50","Tokyo Electron","8035.T","17412525440","368.02","Japan"
"51","Coupang","CPNG","17237039000","19.2","South Korea"
"52","Lam Research","LRCX","17227039000","509.54","United States"
"53","Fiserv","FISV","17008000000","104.99","United States"
"54","Vipshop","VIPS","16840156257","9.95","China"
"55","Adobe","ADBE","16693000000","434.34","United States"
"56","Block","SQ","16564578000","85.5","United States"
"57","Automatic Data Processing","ADP","16046400000","248.61","United States"
"58","Murata Manufacturing (Murata Seisakusho)","6981.T","15808045104","57.59","Japan"
"59","TE Connectivity","TEL","15740000000","132.92","Switzerland"
"60","Rakuten","4755.T","15037726538","5","Japan"
"61","Pinduoduo","PDD","14912673065","47.67","China"
"62","Nintendo","7974.T","14736243069","427.33","Japan"
"63","Booking.com","BKNG","14646000000","1955.8","United States"
"64","Infineon","IFX.DE","14526928116","28.09","Germany"
"65","Fidelity National Information Services","FIS","14390000000","98.08","United States"
"66","NetEase","NTES","14142493655","89.46","China"
"67","IQVIA","IQV","14136000000","233.66","United States"
"68","STMicroelectronics","STM","14136000000","38.24","Switzerland"
"69","Leidos","LDOS","14065000000","98.35","United States"
"70","Wayfair","W","13223482000","71.85","United States"
"71","Vmware","VMW","12945000000","117.21","United States"
"72","Intuit","INTU","12873000000","466.76","United States"
"73","Baidu","BIDU","12396007574","136.4","China"
"74","NXP Semiconductors","NXPI","12306000000","179.96","Netherlands"
"75","Spotify","SPOT","11908928834","119.7","Sweden"
"76","Zalando","ZAL.DE","11873748312","31.96","Germany"
"77","Delta Electronics","2308.TW","11819620342","8.81","Taiwan"
"78","Seagate Technology","STX","11661000000","81.08","Ireland"
"79","Acer","2353.TW","11655511711","0.75","Taiwan"
"80","Kuaishou Technology","1024.HK","11645835359","9.85","China"
"81","Zillow","ZG","11185936000","38.98","United States"
"82","Sea (Garena)","SE","11091117000","85.54","Singapore"
"83","eBay","EBAY","10019000000","47.61","United States"
"84","Renesas Electronics","6723.T","9853827402","9.83","Japan"
"85","Analog Devices","ADI","9754778000","175.86","United States"
"86","Expedia Group","EXPE","9601000000","105.38","United States"
"87","KLA","KLAC","9211883000","387.68","United States"
"88","Global Payments","GPN","8833478000","129.33","United States"
"89","MercadoLibre","MELI","8833218000","1024.25","Argentina"
"90","Lufax","LU","8791478538","4.25","China"
"91","United Microelectronics","UMC","8168077081","6.86","Taiwan"
"92","Wiwynn","6669.TW","7991628851","23.68","Taiwan"
"93","NCR Corporation","NCR","7798000000","34.29","United States"
"94","Bandai Namco","7832.T","7714954666","74.2","Japan"
"95","Activision Blizzard","ATVI","7645000000","81","United States"
"96","Chewy","CHWY","7623825000","47.71","United States"
"97","ON Semiconductor","ON","7618200000","67.34","United States"
"98","HelloFresh","HFG.DE","7420129863","29.8","Germany"
"99","Airbnb","ABNB","7382672000","115.82","United States"
"100","Sanmina","SANM","7331890000","49.32","United States"
"101","Microchip Technology","MCHP","7215100000","70.9","United States"
"102","Electronic Arts","EA","7207000000","131.05","United States"
"103","GlobalFoundries","GFS","7107079000","59.19","United States"
"104","Xerox","XRX","6950000000","17.62","United States"
"105","Equinix","EQIX","6933155000","697.02","United States"
"106","Coinbase","COIN","6922664000","98.02","United States"
"107","Compass","COMP","6704100000","4.6","United States"
"108","ServiceNow","NOW","6600000000","494.95","United States"
"109","Keyence","6861.T","6432716674","410.97","Japan"
"110","CyberAgent","4751.T","6397828877","10.72","Japan"
"111","NetApp","NTAP","6318000000","72.65","United States"
"112","Yandex","YNDX.ME","6248110406","33.05","Netherlands"
"113","SMIC","MKN2.F","6181357000","2.19","China"
"114","Naver","035420.KS","6070629153","198.89","South Korea"
"115","Dassault Systèmes","DSY.PA","5817403828","43.45","France"
"116","Roper Technologies","ROP","5812500000","431.01","United States"
"117","Zebra Technologies","ZBRA","5803000000","330.32","United States"
"118","Kakao","035720.KS","5527398932","63.09","South Korea"
"119","Wolters Kluwer","WOSB.F","5403171008","106.76","Netherlands"
"120","Workday","WDAY","5398422000","166.8","United States"
"121","Constellation Software","CSU.TO","5362000000","1667.35","Canada"
"122","Logitech","LOGI","5328908000","57.66","Switzerland"
"123","Skyworks Solutions","SWKS","5273300000","112.13","United States"
"124","DoorDash","DASH","5267000000","75.54","United States"
"125","Twitter","TWTR","5228681000","42.94","United States"
"126","SS&C Technologies","SSNC","5182300000","60.45","United States"
"127","Palo Alto Networks","PANW","5170300000","501.07","United States"
"128","Entain","ENT.L","5169877030","1599.23","Isle of Man"
"129","Keysight","KEYS","5141000000","166.22","United States"
"130","Just Eat Takeaway","TKWY.AS","5090600227","18.46","Netherlands"
"131","Marvell Technology Group","MRVL","5077004000","55.59","United States"
"132","Novatek Microelectronics","3034.TW","5040411555","8.54","Taiwan"
"133","Shopify","SHOP","5002450000","39.77","Canada"
"134","Juniper Networks","JNPR","4926500000","28.11","United States"
"135","JD Health","6618.HK","4815095024","7.83","China"
"136","Synopsys","SNPS","4759033000","372.07","United States"
"137","Nikon","NINOY","4704943909","11.53","Japan"
"138","Supermicro","SMCI","4629624000","61.09","United States"
"139","Qorvo","QRVO","4570721000","106.43","United States"
"140","Snap","SNAP","4538992000","10.41","United States"
"141","Unimicron","3037.TW","4394854484","5.1","Taiwan"
"142","Autodesk","ADSK","4373100000","220.69","United States"
"143","Zoom","ZM","4217427000","114.74","United States"
"144","Genpact","G","4144583000","46.62","Bermuda"
"145","Amadeus IT Group","AMS.MC","4033648152","56.35","Spain"
"146","GoDaddy","GDDY","4001500000","79.33","United States"
"147","Realtek","2379.TW","4000701553","11.64","Taiwan"
"148","Align Technology","ALGN","3989777000","293.06","United States"
"149","Conduent","CNDT","3981000000","4.59","United States"
"150","Rohm","6963.T","3939551253","75.97","Japan"
"151","Fortinet","FTNT","3815700000","53.32","United States"
"152","Asseco","SFB1.F","3804341838","15.75","Poland"
"153","Trimble","TRMB","3766300000","68.24","United States"
"154","Diebold Nixdorf","DBD","3699300000","4.67","United States"
"155","Akamai","AKAM","3522162000","96.38","United States"
"156","Take 2 Interactive","TTWO","3504800000","125.51","United States"
"157","Arista Networks","ANET","3502113000","124.71","United States"
"158","OpenText","OTEX","3484917000","39.24","Canada"
"159","Lyft","LYFT","3474938000","19.83","United States"
"160","Ocado","OCDO.L","3326498276","1076.46","United Kingdom"
"161","Citrix Systems","CTXS","3314153000","102.29","United States"
"162","Cadence Design Systems","CDNS","3283218000","184.33","United States"
"163","Bilibili","BILI","3203901108","24.65","China"
"164","TietoEVRY","TIETO.HE","3180143016","26.78","Finland"
"165","Twilio","TWLO","3127214000","86.48","United States"
"166","Rackspace Technology","RXT","3059100000","7.04","United States"
"167","Roku","ROKU","3043387000","83.6","United States"
"168","Alight","ALIT","2994000000","8.17","United States"
"169","THG (The Hut Group)","THG.L","2942523926","80.01","United Kingdom"
"170","Nanya Technology","2408.TW","2937799617","1.77","Taiwan"
"171","Avaya Holdings","AVYA","2921000000","1.12","United States"
"172","Micro Focus","MFGP","2899900000","3.47","United Kingdom"
"173","Splunk","SPLK","2845694000","113.08","United States"
"174","AppLovin","APP","2814648000","40.14","United States"
"175","Exclusive Networks","EXN.PA","2812484711","16.82","France"
"176","Cimpress","CMPR","2805744000","39.9","Ireland"
"177","ASM Pacific Technology","0522.HK","2798305527","8.47","Hong Kong"
"178","NortonLifeLock","NLOK","2796000000","24.17","United States"
"179","Sega Sammy Holdings","6460.T","2787087691","14.74","Japan"
"180","Ozon","OZON.ME","2729891939","11.6","United States"
"181","Trip.com","TCOM","2718939404","25.42","China"
"182","F5 Networks","FFIV","2677809000","170.85","United States"
"183","Playtika","PLTK","2621000000","12.15","Israel"
"184","Konami Holdings","9766.T","2602851195","50.95","Japan"
"185","Entegris","ENTG","2556832000","103.46","United States"
"186","Sage Group","SGE.L","2478517723","889.48","United Kingdom"
"187","Newegg","NEGG","2421525000","3.83","United States"
"188","Etsy","ETSY","2413969000","111.98","United States"
"189","Atlassian","TEAM","2403218000","279.35","Australia"
"190","Nexon","3659.T","2402217692","22.25","Japan"
"191","Pure Storage","PSTG","2388546000","29.86","United States"
"192","Ubisoft","UBI.PA","2372113270","47.18","France"
"193","Overstock.com","OSTK","2366208000","31.92","United States"
"194","UCT (Ultra Clean Holdings)","UCTT","2341597000","33.51","United States"
"195","360 DigiTech","QFIN","2312019506","13.8","China"
"196","GlobalWafers","6488.TWO","2284846610","15.79","Taiwan"
"197","Weibo","WB","2282809000","19.23","China"
"198","Advantech","2395.TW","2259018902","11.54","Taiwan"
"199","Redfin","RDFN","2251792000","12.09","United States"
"200","Check Point Software","CHKP","2246900000","120.3","Israel"
"201","Teladoc Health","TDOC","2233622000","38.79","United States"
"202","DocuSign","DOCU","2226827000","74.32","United States"
"203","ASM International","ASM.AS","2220081761","304.88","Netherlands"
"204","Dropbox","DBX","2208700000","23.83","United States"
"205","Disco Corp.","6146.T","2203355115","251.02","Japan"
"206","NCsoft","036570.KS","2187239109","298.91","South Korea"
"207","Sabre","SABR","2184165000","7.49","United States"
"208","Criteo","CRTO","2167504000","26.5","France"
"209","Stitch Fix","SFIX","2162068000","7.27","United States"
"210","Clarivate","CLVT","2110664000","14.46","United Kingdom"
"211","VIZIO","VZIO","2103844000","10.64","United States"
"212","Nan Ya PCB","8046.TW","2063997656","8.21","Taiwan"
"213","CoStar Group","CSGP","2058238000","72.87","United States"
"214","Telus International","TIXT","2018000000","30.12","Canada"
"215","Ansys","ANSS","1995762000","282.65","United States"
"216","NICE","NICE","1993558000","223.94","Israel"
"217","Unisys","UIS","1989000000","11.5","United States"
"218","Toast","TOST","1958000000","17.64","United States"
"219","Veeva Systems","VEEV","1922306000","225.66","United States"
"220","Teradata","TDC","1922000000","35.16","United States"
"221","Jack Henry &amp; Associates","JKHY","1910499000","210.93","United States"
"222","PTC","PTC","1906077000","119.33","United States"
"223","Embracer Group","EMBRAC-B.ST","1905380832","7.86","Sweden"
"224","Oracle Corp Japan","4716.T","1892661594","63.02","Japan"
"225","SMART Global Holdings","SGH","1849364000","19.37","United States"
"226","ePlus","PLUS","1821019000","48.25","United States"
"227","Tyler Technologies","TYL","1818203000","414.07","United States"
"228","M3, Inc","2413.T","1811283637","34.2","Japan"
"229","FactSet","FDS","1756489000","423.55","United States"
"230","Corsair Gaming","CRSR","1755337000","16.7","United States"
"231","Huya","HUYA","1747417387","3.16","China"
"232","Enphase Energy","ENPH","1735726000","287.74","United States"
"233","Monotaro","3064.T","1724181768","19.04","Japan"
"234","RingCentral","RNG","1708565000","52.15","United States"
"235","Trend Micro","4704.T","1708348616","55.98","Japan"
"236","Kulicke and Soffa Industries","KLIC","1702633000","47.07","Singapore"
"237","CDK Global","CDK","1694200000","54.76","United States"
"238","Schibsted","SCHA.OL","1684218376","19.15","Norway"
"239","Lumentum","LITE","1682600000","92.19","United States"
"240","Plantronics","POLY","1681144000","39.8","United States"
"241","Krafton","259960.KS","1651127316","200.04","South Korea"
"242","Himax","HIMX","1650906000","7.03","Taiwan"
"243","Palantir","PLTR","1647012000","9.82","United States"
"244","CrowdStrike","CRWD","1636585000","189.52","United States"
"245","Razer","RAZFF","1619590000","0.27","United States"
"246","Softcat","SCT.L","1607330258","1721.22","United Kingdom"
"247","Nutanix","NTNX","1585976000","17.3","United States"
"248","AVEVA","AVV.L","1557351202","2834.88","United Kingdom"
"249","Adevinta","ADE.OL","1556842000","8.12","Norway"
"250","Vivint Smart Home","VVNT","1530903000","5.35","United States"
"251","Zendesk","ZEN","1517874000","76.21","United States"
"252","Cian","CIAN","1516448120","3.4","Russia"
"253","Informatica","INFA","1502903000","22.85","United States"
"254","ContextLogic (wish.com)","WISH","1502000000","1.85","United States"
"255","Monolithic Power Systems","MPWR","1498744000","535.52","United States"
"256","Paysafe","PSFE","1477257000","2.29","United States"
"257","Okta","OKTA","1464138000","107.22","United States"
"258","Baozun","BZUN","1460579494","9.15","China"
"259","ZOZO","3092.T","1446298381","23.77","Japan"
"260","Vonage Holdings Corp.","VG","1434943000","20.99","United States"
"261","Taboola.com","TBLA","1430234000","2.74","United States"
"262","Globant","GLOB","1428286000","233.42","Luxembourg"
"263","HubSpot","HUBS","1414891000","385.22","United States"
"264","Snowflake","SNOW","1412784000","170.85","United States"
"265","Yonyou","600588.SS","1404304364","3.22","China"
"266","Terveystalo","TTALO.HE","1388150667","9.3","Finland"
"267","Allegro.eu","ALE.WA","1383550893","5.55","Poland"
"268","Playtech","PTEC.L","1365118913","563.11","Isle of Man"
"269","FICO","FICO","1363099000","489.84","United States"
"270","Adyen","ADYEN.AS","1324119767","1855.82","Netherlands"
"271","Perfect World Entertainment","002624.SZ","1311664606","2.22","China"
"272","Wix.com","WIX","1307142000","72.48","Israel"
"273","The Trade Desk","TTD","1291979000","54.97","United States"
"274","Qualtrics","XM","1279688000","13.34","United States"
"275","Allscripts","MDRX","1277357000","17.45","United States"
"276","SoFi","SOFI","1250485000","7.98","United States"
"277","Pegasystems","PEGA","1223096000","40.72","United States"
"278","Paycom","PAYC","1211623000","367.99","United States"
"279","Mercari","4385.T","1206776834","17.06","Japan"
"280","Robinhood","HOOD","1206500000","10.68","United States"
"281","Omnicell","OMCL","1199003000","109.47","United States"
"282","Unity Software","U","1195880000","49.76","United States"
"283","Datadog","DDOG","1193265000","112.98","United States"
"284","Allied Tecnologia","ALLD3.SA","1156072037","2.29","Brazil"
"285","Exela Technologies","XELA","1145948000","1.5","United States"
"286","DeNA","2432.T","1142016815","14.11","Japan"
"287","Thryv","THRY","1141151000","26.42","United States"
"288","Ceridian","CDAY","1133800000","66","United States"
"289","Ichor Systems","ICHR","1125497000","32.55","United States"
"290","LendingClub","LC","1108128000","15.01","United States"
"291","LendingTree","TREE","1100836000","47.03","United States"
"292","Kingsoft","3888.HK","1084997107","3.33","China"
"293","Missfresh","MF","1082919400","0.17","China"
"294","Snap One","SNPO","1064979000","12.6","United States"
"295","CSG International","CSGS","1057768000","56.3","United States"
"296","Revolve","RVLV","1057421000","29.84","United States"
"297","Upstart","UPST","1035422000","32.27","United States"
"298","Autohome","ATHM","1028911168","36.18","China"
"299","Mixi","2121.T","1023780591","17.62","Japan"
"300","Bentley Systems","BSY","1018558000","40.73","United States"
"301","Silicon Motion","SIMO","1012949000","82.56","Hong Kong"
"302","Vacasa","VCSA","1006900000","3","United States"
"303","Blackbaud","BLKB","1001160000","57.1","United States"
"304","Ebix","EBIX","991138000","24.66","United States"
"305","SIGNA Sports United","SSU","990808312","5.91","Germany"
"306","Dynatrace","DT","986978000","42.06","United States"
"307","Software AG","SOW.F","984992241","27.67","Germany"
"308","Temenos","TEMN.SW","978246000","81.98","Switzerland"
"309","MongoDB","MDB","977581000","363.71","United States"
"310","NETGEAR","NTGR","975119000","25.29","United States"
"311","2U","TWOU","970793000","9.02","United States"
"312","Zscaler","ZS","969961000","168.15","United States"
"313","Donnelley Financial Solutions","DFIN","957700000","42.63","United States"
"314","UiPath","PATH","951101000","21.94","United States"
"315","Avast","AV2.F","941100000","8.31","Czech Republic"
"316","ZoomInfo","ZI","928700000","48","United States"
"317","Canaan","CAN","927513837","3.98","China"
"318","Xperi","XPER","913520000","16.41","United States"
"319","Box","BOX","910323000","30.21","United States"
"320","Cazoo","CZOO","901531010","0.96","United Kingdom"
"321","Verint Systems","VRNT","891511000","46.71","United States"
"322","BE Semiconductor","BESI.AS","885591838","54.49","Netherlands"
"323","GungHo Online Entertainment","3765.T","866924595","19.2","Japan"
"324","BIT Mining (500.com)","BTCM","863695944","0.73","China"
"325","Elastic NV","ESTC","862374000","87.8","United States"
"326","Onto Innovation","ONTO","860970000","85.11","United States"
"327","ChipMOS Technologies","IMOS","859177603","23.23","Taiwan"
"328","Groupon","GRPN","856611000","13.87","United States"
"329","ZipRecruiter","ZIP","843029000","20.11","United States"
"330","Nemetschek","NEM.F","836689251","73.74","Germany"
"331","Silergy","6415.TW","834829095","19.19","China"
"332","Cohu","COHU","831906000","29.46","United States"
"333","Squarespace","SQSP","828846000","23.05","United States"
"334","Endava","DAVA","818124543","107.23","United Kingdom"
"335","Axcelis Technologies","ACLS","807150000","75.5","United States"
"336","Allegro MicroSystems","ALGM","798285000","25.98","United States"
"337","Paylocity","PCTY","791155000","260.8","United States"
"338","New Relic","NEWR","785521000","67.17","United States"
"339","Chegg","CHGG","780131000","22.44","United States"
"340","Nuvei","NVEI","779891000","42.06","Canada"
"341","MYT Netherlands Parent (Mytheresa)","MYTE","777990809","15.2","Germany"
"342","Youdao","DAO","768321022","4.63","China"
"343","Xero","XRO.AX","764888398","65.67","New Zealand"
"344","Alpha &amp; Omega Semiconductor","AOSL","760902000","38.94","United States"
"345","Coupa","COUP","754731000","77.56","United States"
"346","OVH Groupe","OVH.PA","753371074","15.9","France"
"347","Avalara","AVLR","749906000","91.86","United States"
"348","Digital Turbine","APPS","747596000","23.7","United States"
"349","Sohu.com","SOHU","747580000","17.27","China"
"350","Photronics","PLAB","746267000","24.14","United States"
"351","Grab Holdings","GRAB","746000000","3.74","Singapore"
"352","Cloudflare","NET","730538000","73.68","United States"
"353","LifeStance Health Group","LFST","727474000","7.4","United States"
"354","Shift Technologies","SFT","723120000","1.53","United States"
"355","SolarWinds","SWI","720890000","9.83","United States"
"356","CCC Intelligent Solutions","CCCS","717323000","9.69","United States"
"357","Futu Holdings","FUTU","713511758","40.36","Hong Kong"
"358","Cyxtera Technologies","CYXT","713300000","12.33","United States"
"359","BlackBerry","BB","712000000","6.9","Canada"
"360","Power Integrations","POWI","711689000","81.36","United States"
"361","Nordic Semiconductor","NOD.OL","702978000","17.61","Norway"
"362","Five9","FIVN","700086000","116.87","United States"
"363","Sterling Check","STER","694486000","19.89","United States"
"364","51job","JOBS","693716043","60.9","China"
"365","AspenTech","AZPN","693090000","207.55","United States"
"366","Soitec","SOI.PA","684378297","164.27","France"
"367","Getnet","GET","670819169","1.75","Brazil"
"368","Wolfspeed","WOLF","663500000","88.2","United States"
"369","Stratasys","SSYS","656057000","19.45","United States"
"370","Datto","MSP","644529000","35.18","United States"
"371","OneConnect","OCFT","641682771","1.33","China"
"372","Alteryx","AYX","635870000","62.98","United States"
"373","Anaplan","PLAN","631510000","63.73","United States"
"374","Paytm","PAYTM.NS","628217935","10.49","India"
"375","Jubilant FoodWorks","JUBLFOOD.NS","627015275","7.13","India"
"376","Zomato","ZOMATO.NS","626220336","0.7","India"
"377","Lasertec","6920.T","625089837","159.57","Japan"
"378","IronSource","IS","623418000","4.73","Israel"
"379","CarParts.com","PRTS","622375000","8.97","United States"
"380","Rapid7","RPD","616371000","66.93","United States"
"381","SciPlay","SCPL","613000000","12.51","United States"
"382","Tenable","TENB","611391000","43.28","United States"
"383","Procore","PCOR","609814000","63.9","United States"
"384","Topicus","TOI.V","607597646","62.25","Canada"
"385","Veeco","VECO","605988000","21.97","United States"
"386","3D Systems","DDD","602524000","13.24","United States"
"387","Smartsheet","SMAR","602060000","36.11","United States"
"388","Bytes Technology","BYIT.L","599038462","533.4","United Kingdom"
"389","LegalZoom","LZ","594657000","10.87","United States"
"390","TeamViewer","TMV.DE","594221020","10.94","Germany"
"391","PowerSchool","PWSC","590043000","15.46","United States"
"392","MediaAlpha","MAX","590001000","9.34","United States"
"393","Gree","3632.T","588734186","6.15","Japan"
"394","Harmonic","HLIT","587010000","11.09","United States"
"395","Lattice Semiconductor","LSCC","585593000","63.98","United States"
"396","QuinStreet","QNST","585442000","11.89","United States"
"397","Spirent","SPT.L","576000000","335.79","United Kingdom"
"398","Marqeta","MQ","575294000","10.91","United States"
"399","Udemy","UDMY","570349000","14.45","United States"
"400","TomTom","TOM2.AS","560179489","9.09","Netherlands"
"401","Priority Technology Holdings","PRTH","554843000","4.9","United States"
"402","Perion Network","PERI","550975000","20.97","Israel"
"403","Remitly","RELY","549768000","11.15","United States"
"404","Lightspeed POS","LSPD","548372000","23.38","Canada"
"405","Doma","DOMA","542454000","0.77","United States"
"406","AMEC","688012.SS","539286636","21.47","China"
"407","Cvent","CVT","538880000","6.3","United States"
"408","Sierra Wireless","SWIR","538104000","30.53","Canada"
"409","EVO Payments","EVOP","532827000","33.45","United States"
"410","LiveRamp","RAMP","528657000","24.06","United States"
"411","Sprinklr","CXM","526392000","12.8","United States"
"412","Mandiant","MNDT","522921000","22.78","United States"
"413","E2open","ETWO","519615000","7.4","United States"
"414","Babylon Holdings","BBLN","518074000","0.98","United Kingdom"
"415","CyberArk","CYBR","517717000","137.75","Israel"
"416","Secureworks","SCWX","516766000","9.9","United States"
"417","Q2","QTWO","516271000","45.04","United States"
"418","The RealReal","REAL","515575000","3.61","United States"
"419","Payoneer","PAYO","509755000","5.62","United States"
"420","EverCommerce","EVCM","507428000","12.63","United States"
"421","The Original BARK Company","BARK","507406000","1.75","United States"
"422","Comtech Telecommunications","CMTL","505065000","11.86","United States"
"423","Mimecast","MIME","501399000","79.92","United Kingdom"
"424","Skillsoft","SKIL","500655000","4.15","United States"
"425","Protolabs","PRLB","494385000","46.58","United States"
"426","LivePerson","LPSN","491930000","16.57","United States"
"427","trivago","TRVG","488858015","1.73","Germany"
"428","Chindata","CD","488446823","7","China"
"429","Confluent","CFLT","488044000","33.56","United States"
"430","Nykaa","NYKAA.NS","486729381","17.79","India"
"431","Zeta Global","ZETA","483143000","7.01","United States"
"432","Zhihu","ZH","479011150","1.32","China"
"433","Arlo Technologies","ARLO","477332000","7.44","United States"
"434","Bottomline Technologies","EPAY","471403000","56.99","United States"
"435","Coursera","COUR","470023000","13.5","United States"
"436","SailPoint","SAIL","463612000","64.33","United States"
"437","Formosa Sumco Technology","3532.TW","462698719","5.81","Taiwan"
"438","DigitalOcean","DOCN","462227000","47.87","United States"
"439","Momentive Global","MNTV","458474000","8.03","United States"
"440","Magnachip","MX","455304000","14.2","Luxembourg"
"441","TANLA","TANLA.NS","446043552","9.05","India"
"442","Instructure Holdings","INST","445853000","25","United States"
"443","Cognyte Software","CGNT","445750000","5.07","Israel"
"444","Voyager Digital","VOYG.TO","444278564","0.26","United States"
"445","Vertex","VERX","442296000","12.68","United States"
"446","Descartes Systems","DSGX","442247000","72.57","Canada"
"447","Freshworks","FRSH","438163000","15.9","United States"
"448","Varonis","VRNS","434640000","31.11","United States"
"449","Nexters","GDEV","434094000","6.38","Cyprus"
"450","Renren","RENN","432318000","28.84","China"
"451","Qualys","QLYS","427836000","127.43","United States"
"452","Delivery Hero","DHER.F","426812459","50.73","Germany"
"453","Vimeo","VMEO","425541000","7.21","United States"
"454","Samsara","IOT","425070000","16.48","United States"
"455","Asana","ASAN","422410000","26.58","United States"
"456","MicroStrategy","MSTR","417783000","330.01","United States"
"457","Allied Motion Technologies","AMOT","416624000","33.37","United States"
"458","SPS Commerce","SPSC","415014000","130.3","United States"
"459","Paycor","PYCR","404918000","32.36","United States"
"460","Kainos Group","KNOS.L","397624491","1674.12","United Kingdom"
"461","DoubleVerify","DV","395159000","26.54","United States"
"462","Onion Global","OG","394926404","0.82","China"
"463","Appian","APPN","394670000","55.25","United States"
"464","Jamf","JAMF","393919000","26.7","United States"
"465","Skillz","SKLZ","393850000","1.72","United States"
"466","MakeMyTrip","MMYT","390886000","31.97","India"
"467","Rimini Street","RMNI","384445000","5.87","United States"
"468","Despegar","DESP","383407000","8.3","Argentina"
"469","WiseTech Global","WTC.AX","381315180","36.92","Australia"
"470","NerdWallet","NRDS","375300000","9.81","United States"
"471","Fastly","FSLY","371860000","12.04","United States"
"472","Zuora","ZUO","359608000","9.63","United States"
"473","monday.com","MNDY","357675000","150.53","Israel"
"474","Quantum","QMCO","357450000","1.95","United States"
"475","N-Able","NABL","354126000","10.22","United States"
"476","Ambarella","AMBA","352028000","88.39","United States"
"477","DoubleDown Interactive","DDI","352024000","10.54","United States"
"478","NeoPhotonics","NPTN","348628000","16.01","United States"
"479","Tata Elxsi","TATAELXSI.NS","347380021","120.06","India"
"480","Kakao Pay","377300.KS","344680702","54.47","South Korea"
"481","New Work","NWO.F","343251952","140.92","Germany"
"482","Faro Technologies","FARO","338139000","36.04","United States"
"483","Digi International","DGII","337155000","33.53","United States"
"484","KPIT Technologies","KPITTECH.NS","335983880","6.68","India"
"485","Poshmark","POSH","335952000","12.69","United States"
"486","HashiCorp","HCP","326152000","39.67","United States"
"487","Appen","APX.AX","324177800","3.48","Australia"
"488","Tabula Rasa HealthCare","TRHC","321690000","5.17","United States"
"489","Carsales","CAR.AX","320953927","14.78","Australia"
"490","Hims &amp; Hers Health","HIMS","320878000","6.67","United States"
"491","Gravity Co.","GRVY","320380802","50.19","South Korea"
"492","Doximity","DOCS","319298000","40.61","United States"
"493","GB Group (GBG)","GBG.L","318591512","606.35","United Kingdom"
"494","Fiverr","FVRR","316027000","42.58","Israel"
"495","Tucows","TCX","314561000","46.88","Canada"
"496","PAR Technology","PAR","308694000","45.43","United States"
"497","Upland Software","UPLD","306763000","11.78","United States"
"498","nCino","NCNO","305721000","37.24","United States"
"499","Computer Programs and Systems","CPSI","304688000","30.45","United States"
"500","Certara","CERT","300937000","24.13","United States"
"501","tuya","TUYA","300532000","1.83","China"
"502","Genius Sports","GENI","294920000","3.82","United Kingdom"
"503","Mastek","MASTEK.NS","294919514","25.37","India"
"504","Ceragon Networks","CRNT","294868000","2.66","Israel"
"505","Duck Creek Technologies","DCT","293057000","14.14","United States"
"506","COLOPL","3668.T","291985857","5.13","Japan"
"507","Kinaxis","KXS.TO","291106000","126.28","Canada"
"508","GitLab","GTLB","290130000","66.62","United States"
"509","SiTime","SITM","288441000","143.28","United States"
"510","Playstudios","MYPS","283332000","3.73","United States"
"511","AvidXchange","AVDX","282205000","8.4","United States"
"512","dLocal","DLO","281614000","31.3","Uruguay"
"513","Darktrace","DARK.L","281341000","458.63","United Kingdom"
"514","Synchronoss","SNCR","280982000","1.78","United States"
"515","CalAmp","CAMP","280891000","5.03","United States"
"516","TechTarget","TTGT","278623000","69.54","United States"
"517","Yalla Group","YALA","277823096","4.61","United Arab Emirates"
"518","Scienjoy","SJ","275875095","4.47","China"
"519","Global-e","GLBE","275445000","27.84","Israel"
"520","Liquidity Services","LQDT","274975000","19.17","United States"
"521","Blend Labs","BLND","274144000","3.23","United States"
"522","nLIGHT","LASR","273260000","12.72","United States"
"523","Domo","DOMO","272363000","33.57","United States"
"524","23andMe","ME","271893000","3.98","United States"
"525","Opera","OPRA","270990000","5.18","Norway"
"526","Riot Blockchain","RIOT","269736000","8.71","United States"
"527","ThredUp","TDUP","268807000","3","United States"
"528","KnowBe4","KNBE","267781000","18.76","United States"
"529","Braze","BRZE","267653000","49.22","United States"
"530","A10 Networks","ATEN","266676000","15.55","United States"
"531","Clearwater Analytics","CWAN","265906000","14.65","United States"
"532","1-800-PetMeds","PETS","264292000","21.99","United States"
"533","Paya","PAYA","260094000","7.25","United States"
"534","Benefitfocus","BNFT","259259000","7.35","United States"
"535","ACM Research","ACMR","258205000","18.88","United States"
"536","Intapp","INTA","257807000","15.94","United States"
"537","KORE","KORE","256414000","2.73","United States"
"538","Sumo Logic","SUMO","255761000","8.28","United States"
"539","Cellebrite","CLBT","255348000","5.6","Israel"
"540","C3 AI","AI","252759000","22.17","United States"
"541","Trainline","TRN.L","252103616","472.28","United Kingdom"
"542","SentinelOne","S","245659000","27.26","United States"
"543","CI&amp;T","CINT","245334821","14.38","Brazil"
"544","Materialise NV","MTLS","244872316","13.42","Belgium"
"545","Jfrog","FROG","244442000","25.17","United States"
"546","Grid Dynamics","GDYN","243556000","19.5","United States"
"547","Aterian","ATER","241303000","2.98","United States"
"548","GoTo","GOTO.JK","240582734","0.02","Indonesia"
"549","Xunlei","XNET","239601000","1.65","China"
"550","Repay Holdings","RPAY","239301597","13.59","United States"
"551","BigCommerce","BIGC","239245000","19.74","United States"
"552","PubMatic","PUBM","237852000","17.76","United States"
"553","Riskified","RSKD","236903000","5.36","Israel"
"554","Telos","TLS","236835000","8.82","United States"
"555","EngageSmart","ESMT","236218000","21.41","United States"
"556","secunet","YSN.F","236089431","296.22","Germany"
"557","American Well","AMWL","231881000","5.16","United States"
"558","Phreesia","PHR","228296000","25.8","United States"
"559","Porch Group","PRCH","228251000","2.62","United States"
"560","CD Projekt","CDR.WA","227453364","19.91","Poland"
"561","Mister Spex","MRX.F","226974632","4.71","Germany"
"562","Wirtualna Polska (WP Holding)","WPL.WA","226819470","22.79","Poland"
"563","ANI Pharmaceuticals","ANIP","226092000","34.87","United States"
"564","Sprout Social","SPT","221217000","64.26","United States"
"565","Flywire","FLYW","220711000","24.18","United States"
"566","HIVE Blockchain Technologies","HIVE","219752617","5.53","Canada"
"567","WM Technology","MAPS","209444000","3.57","United States"
"568","Nextdoor","KIND","208810000","3.87","United States"
"569","Qudian","QD","208713624","1.1","China"
"570","Nacon","NACON.PA","208486717","5.12","France"
"571","WalkMe","WKME","207497000","11.38","Israel"
"572","Model N","MODN","207341000","26.37","United States"
"573","Amplitude","AMPL","206092000","18.46","United States"
"574","Semrush","SEMR","205131000","13.73","United States"
"575","Marvelous","7844.T","204472518","5.11","Japan"
"576","UP Fintech (Tiger Brokers)","TIGR","203529999","3.59","China"
"577","ON24","ONTF","202006000","10.43","United States"
"578","Troops","TROO","200975000","2.58","Hong Kong"
"579","Focus Home Interactive","ALFOC.PA","200468944","46.09","France"
"580","ServiceSource","SREV","199574000","1.5","United States"
"581","Sema4","SMFR","194835000","2.03","United States"
"582","Marathon Digital Holdings","MARA","193028673","14.43","United States"
"583","KLab","3656.T","189466111","3.28","Japan"
"584","PB Fintech","POLICYBZR.NS","189465220","7","India"
"585","Karooooo","KARO","189020224","27.95","Singapore"
"586","Jumia","JMIA","187912000","7.09","Germany"
"587","Bukalapak.com","BUKA.JK","185860423","0.02","Indonesia"
"588","NEXTDC","NXT.AX","184883389","8.23","Australia"
"589","ForgeRock","FORG","184176000","22.62","United States"
"590","Pintec Technology","PT","183649399","1.14","China"
"591","Bird Global","BRDS","183076000","0.67","United States"
"592","Bitfarms","BITF","181087000","1.69","Canada"
"593","Cigniti Technologies","CIGNITITEC.NS","178437239","6.85","India"
"594","Alkami Technology","ALKT","177516000","14.93","United States"
"595","Infibeam Avenues","INFIBEAM.NS","173045716","0.19","India"
"596","Paradox Interactive","PDX.ST","172529398","16.88","Sweden"
"597","Locaweb","LWSA3.SA","172115457","1.7","Brazil"
"598","Agilysys","AGYS","171416000","50.31","United States"
"599","ChannelAdvisor","ECOM","170860000","15.44","United States"
"600","AdTheorent","ADTH","167310000","3.14","United States"
"601","gumi","3903.T","161589654","5.61","Japan"
"602","AvePoint","AVPT","158056000","5.42","United States"
"603","Olo","OLO","156001000","13.23","United States"
"604","SkyWater Technology","SKYT","155866000","17.63","United States"
"605","Hut 8 Mining","HUT","154695171","2.5","Canada"
"606","Expensify","EXFY","153485000","21.67","United States"
"607","stem","STEM","153038000","14.84","United States"
"608","Nerdy","NRDY","153024000","2.93","United States"
"609","Similarweb","SMWB","152535000","8.6","Israel"
"610","Pushpay Holdings","PPH.NZ","152191627","0.84","New Zealand"
"611","VTEX","VTEX","149451000","4.93","United Kingdom"
"612","Lemonade","LMND","149200000","25.11","United States"
"613","UserTesting","USER","148915000","4.7","United States"
"614","Qt Group","QTCOM.HE","148672608","63.61","Finland"
"615","UpHealth","UPH","146951000","0.7","United States"
"616","Mitek Systems","MITK","139791000","11.26","United States"
"617","Spok Holdings","SPOK","137929000","6.88","United States"
"618","Digital Bros","DIB.MI","136088932","29.45","Italy"
"619","Silicom","SILC","135405000","41.7","Israel"
"620","Greenidge Generation Holdings","GREE","133869000","3.83","United States"
"621","Iteris","ITI","133572000","2.97","United States"
"622","CEVA","CEVA","131695000","37.7","United States"
"623","Veritone","VERI","131417000","9.55","United States"
"624","Couchbase","BASE","130440000","18.29","United States"
"625","SmartRent","SMRT","128836000","5.46","United States"
"626","Frontier Developments","FDEV.L","128598979","1864.96","United Kingdom"
"627","CS Disco","LAW","127678000","28","United States"
"628","American Software","AMSWA","127553000","18.08","United States"
"629","Weave Communications","WEAV","123475000","5.14","United States"
"630","Team17","TM17.L","122172428","543.54","United Kingdom"
"631","Cheetah Mobile","CMCM","121258837","0.74","China"
"632","CleanSpark","CLSK","120775499","4.94","United States"
"633","PDF Solutions","PDFS","120358000","26.96","United States"
"634","MSTC Limited","MSTCLTD.NS","117341288","3.16","India"
"635","Talkspace","TALK","116664000","1.75","United States"
"636","Tufin","TUFN","115651000","12.41","Israel"
"637","Docebo","DCBO","114555000","35.93","Canada"
"638","Lantronix","LTRX","113821000","7.32","United States"
"639","Identiv","INVE","110532000","15.58","United States"
"640","IndiaMART","INDIAMART.NS","102716143","56.41","India"
"641","Credo Technology","CRDO","102534000","15.79","United States"
"642","CyberOptics","CYBE","101653000","53.03","United States"
"643","Forge Global","FRGE","101498000","4.76","United States"
"644","Rover","ROVR","100983000","3.85","United States"
"645","O2Micro","OIIM","95338000","3.36","Cayman Islands"
"646","3i Infotech","3IINFOLTD.NS","91967925","0.52","India"
"647","Drecom","3793.T","91847787","5.47","Japan"
"648","eGain","EGAN","88696000","9.52","United States"
"649","Atoss","AOF.F","87345163","158.05","Germany"
"650","Geospace Technologies","GEOS","85203000","4.96","United States"
"651","Matterport","MTTR","83252000","5.13","United States"
"652","Aurora Innovation","AUR","82538000","2.59","United States"
"653","Asure Software","ASUR","80595000","5.18","United States"
"654","Nazara Technologies","NAZARA.NS","78271701","8.34","India"
"655","Hippo","HIPO","75829488","0.84","United States"
"656","Valens Semiconductor","VLN","74794000","3.87","Israel"
"657","Winc","WBEV","73061000","1.64","United States"
"658","Markforged","MKFG","72541000","2.76","United States"
"659","BitNile","NILE","71981000","0.34","United States"
"660","OPTiM","3694.T","71825168","6.64","Japan"
"661","Backblaze","BLZE","71657000","6.96","United States"
"662","Nucleus Software Exports","NUCLEUS.NS","66470594","5.25","India"
"663","Pareteum Corporation","TEUM","65048000","0","United States"
"664","ShotSpotter","SSTI","64356000","33.16","United States"
"665","Pixelworks","PXLW","62461000","2.42","United States"
"666","indie Semiconductor","INDI","62297000","7.52","United States"
"667","PlayWay","6P5.F","61185601","71.07","Poland"
"668","Bit Digital","BTBT","60699267","1.62","United States"
"669","Smith Micro Software","SMSI","59776000","3.07","United States"
"670","Méliuz","CASH3.SA","58398870","0.26","Brazil"
"671","Natural Health Trends","NHTC","58390000","5.65","United States"
"672","Stronghold Digital Mining","SDIG","55905553","2.83","United States"
"673","LiveChat Software","LVC.WA","55544574","21.79","Poland"
"674","Triterras","TRIRF","55473725","1","Singapore"
"675","Spire Global","SPIR","52332000","1.53","United States"
"676","Simulations Plus","SLP","52013000","65.61","United States"
"677","Aehr Test Systems","AEHR","50829000","14.94","United States"
"678","Velodyne Lidar","VLDR","50378000","1.27","United States"
"679","Nippon Ichi Software","3851.T","50197874","11.29","Japan"
"680","People Can Fly","PCF.WA","49960025","10.82","Poland"
"681","Iris Energy","IREN","48524633","5.43","Australia"
"682","Accelya","ACCELYA.NS","48497943","13.37","India"
"683","Cemtrex","CETX","48435177","0.33","United States"
"684","Latch","LTCH","48386000","1.13","United States"
"685","SOS Limited","SOS","47432000","9.91","China"
"686","geechs","7060.T","46922633","6.96","Japan"
"687","Quick Heal","QUICKHEAL.NS","46080140","2.65","India"
"688","Appirits","4174.T","44085731","6.89","Japan"
"689","Arteris","AIP","42961000","8.89","United States"
"690","SOPHiA GENETICS","SOPH","42335000","5.1","Switzerland"
"691","Bakkt Holdings","BKKT","41300000","3.25","United States"
"692","BlackSky Technology","BKSY","40616000","2.7","United States"
"693","Swvl Holdings","SWVL","38345253","1.73","United Arab Emirates"
"694","Exscientia","EXAI","37398157","11.58","United Kingdom"
"695","enish","3667.T","37206953","3.09","Japan"
"696","EaseMyTrip","EASEMYTRIP.NS","36635250","5.21","India"
"697","Sylogist","SYZ.TO","36526042","5.61","Canada"
"698","Navitas Semiconductor","NVTS","35926000","4.94","Ireland"
"699","Ouster","OUST","35525000","1.74","United States"
"700","Guardforce AI","GFAI","35153190","0.3","Singapore"
"701","Luminar Technologies","LAZR","33486000","7.91","United States"
"702","Velo3D","VLD","32511000","3.64","United States"
"703","Paysign","PAYS","31214970","2.15","United States"
"704","SeaChange","SEAC","28981000","0.6","United States"
"705","Digimarc","DMRC","28700000","18.55","United States"
"706","IronNet","IRNT","28157000","2.58","United States"
"707","Core Scientific","CORZ","27764000","2.99","United States"
"708","CI Games","CI7.F","27579653","0.38","Poland"
"709","MapmyIndia","MAPMYINDIA.NS","26438285","16.93","India"
"710","WonderPlanet","4199.T","25497259","14.9","Japan"
"711","Marin Software","MRIN","23273000","1.95","United States"
"712","OLB Group","OLB","22832598","1.62","United States"
"713","ATARI","ATA.PA","22157612","0.15","France"
"714","The9","NCTY","22151258","1.55","China"
"715","Cerberus Cyber Sentinel","CISO","21912071","3.42","United States"
"716","Kidpik","PIK","20839982","2.09","United States"
"717","Marpai","MRAI","20445603","0.88","United States"
"718","Nano Dimension","NNDM","20112000","3.38","United States"
"719","Jump Networks","JUMPNET.NS","19491459","0.12","India"
"720","Vinco Ventures","BBIG","18761029","0.71","United States"
"721","11 bit studios","11B.WA","18308732","111.36","Poland"
"722","Inpixon","INPX","18272000","0.16","United States"
"723","Park City Group","PCYG","18054100","5.4","United States"
"724","Intellicheck","IDN","16925459","2.61","United States"
"725","Remark Holdings","MARK","16130000","0.47","United States"
"726","Phunware","PHUN","15775000","1.71","United States"
"727","Super League Gaming","SLGG","14651000","1.03","United States"
"728","Quicklogic","QUIK","14541000","7.93","United States"
"729","AST SpaceMobile","ASTS","13837000","7.55","United States"
"730","Rekor Systems","REKR","13686000","1.86","United States"
"731","Starbreeze","STAR-B.ST","13684936","0.09","Sweden"
"732","Ekso Bionics","EKSO","12177000","2.04","United States"
"733","AgEagle Aerial Systems","UAVS","11901339","0.72","United States"
"734","Vuzix","VUZI","11752594","8.87","United States"
"735","Verb Technology","VERB","10689000","0.57","United States"
"736","Cryptyde","TYDE","9836280","1.09","United States"
"737","TuSimple","TSP","9485000","9.53","United States"
"738","Aeva Technologies","AEVA","8986000","4.46","United States"
"739","Rockley Photonics","RKLY","7404000","2.05","United Kingdom"
"740","Pear Therapeutics","PEAR","6581000","1.95","United States"
"741","Innoviz","INVZ","6513000","5.24","Israel"
"742","Red Cat Holdings","RCAT","6428963","2.08","United States"
"743","Compugen","CGEN","6000000","1.48","Israel"
"744","Blackboxstocks","BLBX","5872214","1.3","United States"
"745","Trust Stamp","IDAI","5779531","1.45","United States"
"746","Grom Social Enterprises","GROM","5653763","0.4","United States"
"747","Rigetti Computing","RGTI","5542598","4.55","United States"
"748","ReWalk Robotics","RWLK","5526000","1.05","Israel"
"749","BIO-key International","BKYI","5167022","2.03","United States"
"750","G Medical Innovations","GMVD","5058000","0.39","Israel"
"751","Netcapital","NCPL","4586240","3.64","United States"
"752","Sphere 3D","ANY","4152000","0.72","Canada"
"753","IonQ","IONQ","3959000","6.13","United States"
"754","Quanergy Systems","QNGY","3957000","0.45","United States"
"755","AEye","LIDR","3760000","2.46","United States"
"756","Applied Blockchain","APLD","3064000","2.19","United States"
"757","Mynaric","MYNA","2667044","8.2","Germany"
"758","Arbe Robotics","ARBE","2604000","6.14","Israel"
"759","Wejo Group","WEJO","2592000","1.72","United Kingdom"
"760","Cepton","CPTN","2500000","1.83","United States"
"761","Microvision","MVIS","1939000","5.47","United States"
"762","Focus Universal","FCUV","1228150","15.61","United States"
"763","BrainChip","BRN.AX","1151619","0.79","Australia"
"764","Versus Systems","VS","1077169","0.4","Canada"
"765","Energous","WATT","827689","1.38","United States"
"766","NextNav","NN","763000","3.11","United States"
"767","Dave Inc.","DAVE","576000","0.72","United States"
"768","AppTech Payments","APCX","442567","0.75","United States"
"769","Foresight Autonomous Holdings","FRSX","155000","0.69","Israel"
"770","SaverOne 2014","SVRE","144964","2.51","Israel"
"771","IMTE","IMTE","140003","1.83","Australia"
"772","Advanced Human Imaging","AHI","70139","0.51","Australia"
"773","Arqit Quantum","ARQQ","47910","5.74","United Kingdom"
"774","Cyngn","CYN","0","1.27","United States"
"775","Justworks","JW","0","0","United States"
"776","TeraWulf","WULF","0","1.59","United States"
"777","Neowiz Games","095660.KQ","0","22.47","South Korea"
"778","Webzen","069080.KQ","0","15.23","South Korea"
"779","Wemade","112040.KQ","0","55.4","South Korea"
"780","Com2uS","078340.KQ","0","64.78","South Korea"
"781","Embark Technology","EMBK","0","0.54","United States"
"782","Pearl Abyss","263750.KQ","0","46.93","South Korea"
"783","Tricida","TCDA","0","10.8","United States"
"784","Lightwave Logic","LWLG","0","10.28","United States"
"785","Rail Vision","RVSN","0","1.04","Israel"
"786","System1","SST","0","8.72","United States"
"787","Nano Labs","NA","0","6.34","China"
"788","AMTD Digital","HKD","0","405","Hong Kong"
"789","SoundHound AI","SOUN","0","3.51","United States"
"790","Cipher Mining","CIFR","0","2.12","United States"
"791","Pagaya Technologies","PGY","0","20.94","Israel"
"792","American Virtual Cloud","AVCT","-2856000","0.17","United States"
